[0m18:49:35.285651 [debug] [MainThread]: Sending event: {'category': 'dbt', 'action': 'invocation', 'label': 'start', 'context': [<snowplow_tracker.self_describing_json.SelfDescribingJson object at 0x75bed1aeb4d0>, <snowplow_tracker.self_describing_json.SelfDescribingJson object at 0x75bed04abed0>, <snowplow_tracker.self_describing_json.SelfDescribingJson object at 0x75bed04ab890>]}


============================== 18:49:35.290205 | cb67df0c-0e0b-4b86-ba91-09de335bb1e6 ==============================
[0m18:49:35.290205 [info ] [MainThread]: Running with dbt=1.12.0
[0m18:49:35.290972 [debug] [MainThread]: running dbt with arguments {'use_colors': 'True', 'log_path': 'dbt_dividend/logs', 'quiet': 'False', 'introspect': 'True', 'indirect_selection': 'eager', 'target_path': 'None', 'partial_parse': 'True', 'warn_error_options': 'WarnErrorOptionsV2(error=[], warn=[], silence=[])', 'profiles_dir': '/home/pranays/.dbt', 'write_json': 'True', 'log_format': 'default', 'static_parser': 'True', 'cache_selected_only': 'False', 'debug': 'False', 'maximum_seed_size_mib': '1', 'invocation_command': 'dbt deps --project-dir dbt_dividend', 'send_anonymous_usage_stats': 'True', 'fail_fast': 'False', 'use_experimental_parser': 'False', 'hints_enabled': 'True', 'log_cache_events': 'False', 'version_check': 'True', 'warn_error': 'None', 'no_print': 'None', 'printer_width': '80', 'empty': 'None'}
[0m18:49:35.517887 [debug] [MainThread]: Sending event: {'category': 'dbt', 'action': 'project_id', 'label': 'cb67df0c-0e0b-4b86-ba91-09de335bb1e6', 'context': [<snowplow_tracker.self_describing_json.SelfDescribingJson object at 0x75bed15a6c40>]}
[0m18:49:35.539559 [debug] [MainThread]: Set downloads directory='/tmp/dbt-downloads-i20keo16'
[0m18:49:35.540390 [debug] [MainThread]: Making package index registry request: GET https://hub.getdbt.com/api/v1/index.json
[0m18:49:35.697688 [debug] [MainThread]: Response from registry index: GET https://hub.getdbt.com/api/v1/index.json 200
[0m18:49:35.701655 [debug] [MainThread]: Making package registry request: GET https://hub.getdbt.com/api/v1/calogica/dbt_expectations.json
[0m18:49:36.006527 [debug] [MainThread]: Response from registry: GET https://hub.getdbt.com/api/v1/calogica/dbt_expectations.json 200
[0m18:49:36.011828 [warn ] [MainThread]: [[33mWARNING[0m]: Deprecated functionality
The `calogica/dbt_expectations` package is deprecated in favor of
`metaplane/dbt_expectations`. Please update your `packages.yml` configuration to
use `metaplane/dbt_expectations` instead.
[0m18:49:36.012834 [debug] [MainThread]: Sending event: {'category': 'dbt', 'action': 'deprecation', 'label': 'cb67df0c-0e0b-4b86-ba91-09de335bb1e6', 'property_': 'warn', 'context': [<snowplow_tracker.self_describing_json.SelfDescribingJson object at 0x75bed02a2030>]}
[0m18:49:36.020805 [debug] [MainThread]: Making package registry request: GET https://hub.getdbt.com/api/v1/calogica/dbt_date.json
[0m18:49:36.467589 [debug] [MainThread]: Response from registry: GET https://hub.getdbt.com/api/v1/calogica/dbt_date.json 200
[0m18:49:36.481263 [info ] [MainThread]: Updating lock file in file path: /home/pranays/Documents/Learning/Data-Engineering-Assignments/Day8/dbt_dividend/package-lock.yml
[0m18:49:36.491108 [debug] [MainThread]: Set downloads directory='/tmp/dbt-downloads-vccng4qc'
[0m18:49:36.495814 [info ] [MainThread]: Installing calogica/dbt_expectations
[0m18:49:42.065361 [info ] [MainThread]: Installed from version 0.10.4
[0m18:49:42.065958 [info ] [MainThread]: Up to date!
[0m18:49:42.066500 [debug] [MainThread]: Sending event: {'category': 'dbt', 'action': 'package', 'label': 'cb67df0c-0e0b-4b86-ba91-09de335bb1e6', 'property_': 'install', 'context': [<snowplow_tracker.self_describing_json.SelfDescribingJson object at 0x75bed0565e50>, <snowplow_tracker.self_describing_json.SelfDescribingJson object at 0x75bed015d550>]}
[0m18:49:42.067047 [info ] [MainThread]: Installing calogica/dbt_date
[0m18:49:42.487559 [info ] [MainThread]: Installed from version 0.10.1
[0m18:49:42.488142 [info ] [MainThread]: Up to date!
[0m18:49:42.488662 [debug] [MainThread]: Sending event: {'category': 'dbt', 'action': 'package', 'label': 'cb67df0c-0e0b-4b86-ba91-09de335bb1e6', 'property_': 'install', 'context': [<snowplow_tracker.self_describing_json.SelfDescribingJson object at 0x75bed02f75c0>, <snowplow_tracker.self_describing_json.SelfDescribingJson object at 0x75bed057f310>]}
[0m18:49:42.490616 [warn ] [MainThread]: [[33mWARNING[0m][DeprecationsSummary]: Deprecated functionality
Summary of encountered deprecations:
- PackageRedirectDeprecation: 2 occurrences
To see all deprecation instances instead of just the first occurrence of each,
run command again with the `--show-all-deprecations` flag. You may also need to
run with `--no-partial-parse` as some deprecations are only encountered during
parsing.
[0m18:49:42.492028 [debug] [MainThread]: Resource report: {"command_name": "deps", "command_success": true, "command_wall_clock_time": 7.337155, "process_in_blocks": "224", "process_kernel_time": 0.285304, "process_mem_max_rss": "125428", "process_out_blocks": "20856", "process_user_time": 2.476961}
[0m18:49:42.492836 [debug] [MainThread]: Command `dbt deps` succeeded at 18:49:42.492680 after 7.34 seconds
[0m18:49:42.493377 [debug] [MainThread]: Sending event: {'category': 'dbt', 'action': 'invocation', 'label': 'end', 'context': [<snowplow_tracker.self_describing_json.SelfDescribingJson object at 0x75bed01f0d50>, <snowplow_tracker.self_describing_json.SelfDescribingJson object at 0x75bed064e8d0>, <snowplow_tracker.self_describing_json.SelfDescribingJson object at 0x75bed064c7d0>]}
[0m18:49:42.493933 [debug] [MainThread]: Flushing usage events
[0m18:49:43.643943 [debug] [MainThread]: An error was encountered while trying to flush usage events
[0m18:49:46.096003 [debug] [MainThread]: Sending event: {'category': 'dbt', 'action': 'invocation', 'label': 'start', 'context': [<snowplow_tracker.self_describing_json.SelfDescribingJson object at 0x71f3d16e74d0>, <snowplow_tracker.self_describing_json.SelfDescribingJson object at 0x71f3d0103ed0>, <snowplow_tracker.self_describing_json.SelfDescribingJson object at 0x71f3d0103890>]}


============================== 18:49:46.101054 | 0242bab2-045d-48f9-a598-02110fa9c8b1 ==============================
[0m18:49:46.101054 [info ] [MainThread]: Running with dbt=1.12.0
[0m18:49:46.101823 [debug] [MainThread]: running dbt with arguments {'indirect_selection': 'eager', 'use_experimental_parser': 'False', 'static_parser': 'True', 'quiet': 'False', 'profiles_dir': '/home/pranays/.dbt', 'warn_error': 'None', 'invocation_command': 'dbt run --project-dir dbt_dividend', 'empty': 'False', 'log_path': 'dbt_dividend/logs', 'hints_enabled': 'True', 'fail_fast': 'False', 'log_cache_events': 'False', 'warn_error_options': 'WarnErrorOptionsV2(error=[], warn=[], silence=[])', 'write_json': 'True', 'no_print': 'None', 'target_path': 'None', 'send_anonymous_usage_stats': 'True', 'debug': 'False', 'use_colors': 'True', 'log_format': 'default', 'introspect': 'True', 'cache_selected_only': 'False', 'printer_width': '80', 'maximum_seed_size_mib': '1', 'version_check': 'True', 'partial_parse': 'True'}
[0m18:49:46.399608 [debug] [MainThread]: Sending event: {'category': 'dbt', 'action': 'project_id', 'label': '0242bab2-045d-48f9-a598-02110fa9c8b1', 'context': [<snowplow_tracker.self_describing_json.SelfDescribingJson object at 0x71f3d11a2c40>]}
[0m18:49:46.584156 [debug] [MainThread]: Sending event: {'category': 'dbt', 'action': 'adapter_info', 'label': '0242bab2-045d-48f9-a598-02110fa9c8b1', 'context': [<snowplow_tracker.self_describing_json.SelfDescribingJson object at 0x71f3d009a470>]}
[0m18:49:46.585475 [info ] [MainThread]: Registered adapter: postgres=1.11.0
[0m18:49:46.673348 [debug] [MainThread]: checksum: 0ac4f707b0185b5e4d53a2a15915f56053932fe74d2684ef0085d7d509366ebb, vars: {}, profile: dbt_dividend, target: dev, version: 1.12.0
[0m18:49:46.674316 [info ] [MainThread]: Unable to do partial parsing because saved manifest not found. Starting full parse.
[0m18:49:46.674810 [debug] [MainThread]: Sending event: {'category': 'dbt', 'action': 'partial_parser', 'label': '0242bab2-045d-48f9-a598-02110fa9c8b1', 'context': [<snowplow_tracker.self_describing_json.SelfDescribingJson object at 0x71f3d0024b50>]}
[0m18:49:48.786640 [warn ] [MainThread]: [[33mWARNING[0m][MissingArgumentsPropertyInGenericTestDeprecation]: Deprecated
functionality
Found top-level arguments to test
`dbt_expectations.expect_column_values_to_be_between` defined on
'stg_dividend_events' in package 'dbt_dividend' (models/staging/schema.yml).
Arguments to generic tests should be nested under the `arguments` property.
[0m18:49:48.787369 [debug] [MainThread]: Sending event: {'category': 'dbt', 'action': 'deprecation', 'label': '0242bab2-045d-48f9-a598-02110fa9c8b1', 'property_': 'warn', 'context': [<snowplow_tracker.self_describing_json.SelfDescribingJson object at 0x71f3ceb48e60>]}
[0m18:49:49.257438 [debug] [MainThread]: Sending event: {'category': 'dbt', 'action': 'load_project', 'label': '0242bab2-045d-48f9-a598-02110fa9c8b1', 'context': [<snowplow_tracker.self_describing_json.SelfDescribingJson object at 0x71f3c7a13770>]}
[0m18:49:49.405695 [debug] [MainThread]: Wrote artifact WritableManifest to dbt_dividend/target/manifest.json
[0m18:49:49.408881 [debug] [MainThread]: Wrote artifact SemanticManifest to dbt_dividend/target/semantic_manifest.json
[0m18:49:49.424636 [debug] [MainThread]: Wrote artifact OsiDocument to dbt_dividend/target/osi_document.json
[0m18:49:49.436944 [debug] [MainThread]: Sending event: {'category': 'dbt', 'action': 'resource_counts', 'label': '0242bab2-045d-48f9-a598-02110fa9c8b1', 'context': [<snowplow_tracker.self_describing_json.SelfDescribingJson object at 0x71f3c78e7380>]}
[0m18:49:49.437654 [info ] [MainThread]: Found 4 models, 28 data tests, 2 sources, 744 macros
[0m18:49:49.438158 [debug] [MainThread]: Sending event: {'category': 'dbt', 'action': 'runnable_timing', 'label': '0242bab2-045d-48f9-a598-02110fa9c8b1', 'context': [<snowplow_tracker.self_describing_json.SelfDescribingJson object at 0x71f3c78a1190>]}
[0m18:49:49.440822 [info ] [MainThread]: 
[0m18:49:49.441418 [info ] [MainThread]: Concurrency: 1 threads (target='dev')
[0m18:49:49.441855 [info ] [MainThread]: 
[0m18:49:49.442543 [debug] [MainThread]: Acquiring new postgres connection 'master'
[0m18:49:49.447995 [debug] [ThreadPool]: Acquiring new postgres connection 'list_postgres'
[0m18:49:49.488381 [debug] [ThreadPool]: Using postgres connection "list_postgres"
[0m18:49:49.488963 [debug] [ThreadPool]: On list_postgres: /* {"app": "dbt", "dbt_version": "1.12.0", "profile_name": "dbt_dividend", "target_name": "dev", "connection_name": "list_postgres"} */

    select distinct nspname from pg_namespace
  
[0m18:49:49.489404 [debug] [ThreadPool]: Opening a new connection, currently in state init
[0m18:49:49.505358 [debug] [ThreadPool]: SQL status: SELECT 4 in 0.016 seconds
[0m18:49:49.507087 [debug] [ThreadPool]: On list_postgres: Close
[0m18:49:49.509684 [debug] [ThreadPool]: Re-using an available connection from the pool (formerly list_postgres, now list_postgres_public)
[0m18:49:49.518545 [debug] [ThreadPool]: Using postgres connection "list_postgres_public"
[0m18:49:49.519152 [debug] [ThreadPool]: On list_postgres_public: /* {"app": "dbt", "dbt_version": "1.12.0", "profile_name": "dbt_dividend", "target_name": "dev", "connection_name": "list_postgres_public"} */
select
      'postgres' as database,
      tablename as name,
      schemaname as schema,
      'table' as type
    from pg_tables
    where schemaname ilike 'public'
    union all
    select
      'postgres' as database,
      viewname as name,
      schemaname as schema,
      'view' as type
    from pg_views
    where schemaname ilike 'public'
    union all
    select
      'postgres' as database,
      matviewname as name,
      schemaname as schema,
      'materialized_view' as type
    from pg_matviews
    where schemaname ilike 'public'
    union all
    select distinct
     'postgres' as database,
     proname as name,
     ns.nspname as schema,
     'function' as type
    from pg_proc
     join pg_namespace as ns on pronamespace = ns.oid
    where ns.nspname ilike 'public'
  
[0m18:49:49.519626 [debug] [ThreadPool]: Opening a new connection, currently in state closed
[0m18:49:49.536038 [debug] [ThreadPool]: SQL status: SELECT 12 in 0.016 seconds
[0m18:49:49.537874 [debug] [ThreadPool]: On list_postgres_public: ROLLBACK
[0m18:49:49.538683 [debug] [ThreadPool]: On list_postgres_public: Close
[0m18:49:49.545248 [debug] [MainThread]: Using postgres connection "master"
[0m18:49:49.545895 [debug] [MainThread]: On master: /* {"app": "dbt", "dbt_version": "1.12.0", "profile_name": "dbt_dividend", "target_name": "dev", "connection_name": "master"} */
select distinct
        dependent_namespace.nspname as dependent_schema,
        dependent_class.relname as dependent_name,
        referenced_namespace.nspname as referenced_schema,
        referenced_class.relname as referenced_name

    -- Query for views: views are entries in pg_class with an entry in pg_rewrite, but we avoid
    -- a seq scan on pg_rewrite by leveraging the fact there is an "internal" row in pg_depend for
    -- the view...
    from pg_class as dependent_class
    join pg_namespace as dependent_namespace on dependent_namespace.oid = dependent_class.relnamespace
    join pg_depend as dependent_depend on dependent_depend.refobjid = dependent_class.oid
        and dependent_depend.classid = 'pg_rewrite'::regclass
        and dependent_depend.refclassid = 'pg_class'::regclass
        and dependent_depend.deptype = 'i'

    -- ... and via pg_depend (that has a row per column, hence the need for "distinct" above, and
    -- making sure to exclude the internal row to avoid a view appearing to depend on itself)...
    join pg_depend as joining_depend on joining_depend.objid = dependent_depend.objid
        and joining_depend.classid = 'pg_rewrite'::regclass
        and joining_depend.refclassid = 'pg_class'::regclass
        and joining_depend.refobjid != dependent_depend.refobjid

    -- ... we can find the tables they query from in pg_class, but excluding system tables. Note we
    -- don't need need to exclude _dependent_ system tables, because they only query from other
    -- system tables, and so are automatically excluded by excluding _referenced_ system tables
    join pg_class as referenced_class on referenced_class.oid = joining_depend.refobjid
    join pg_namespace as referenced_namespace on referenced_namespace.oid = referenced_class.relnamespace
        and referenced_namespace.nspname != 'information_schema'
        and referenced_namespace.nspname not like 'pg\_%'

    order by
        dependent_schema, dependent_name, referenced_schema, referenced_name;
[0m18:49:49.546430 [debug] [MainThread]: Opening a new connection, currently in state init
[0m18:49:49.563739 [debug] [MainThread]: SQL status: SELECT 3 in 0.017 seconds
[0m18:49:49.566333 [debug] [MainThread]: Sending event: {'category': 'dbt', 'action': 'runnable_timing', 'label': '0242bab2-045d-48f9-a598-02110fa9c8b1', 'context': [<snowplow_tracker.self_describing_json.SelfDescribingJson object at 0x71f3c7897540>]}
[0m18:49:49.567012 [debug] [MainThread]: On master: ROLLBACK
[0m18:49:49.567740 [debug] [MainThread]: On master: COMMIT
[0m18:49:49.568221 [debug] [MainThread]: Using postgres connection "master"
[0m18:49:49.568653 [debug] [MainThread]: On master: COMMIT
[0m18:49:49.569444 [debug] [MainThread]: SQL status: COMMIT in 0.000 seconds
[0m18:49:49.569900 [debug] [MainThread]: On master: Close
[0m18:49:49.574175 [debug] [Thread-1 (]: Began running node model.dbt_dividend.stg_dividend_events
[0m18:49:49.575750 [info ] [Thread-1 (]: 1 of 4 START sql view model public.stg_dividend_events ......................... [RUN]
[0m18:49:49.577118 [debug] [Thread-1 (]: Re-using an available connection from the pool (formerly list_postgres_public, now model.dbt_dividend.stg_dividend_events)
[0m18:49:49.578013 [debug] [Thread-1 (]: Began compiling node model.dbt_dividend.stg_dividend_events
[0m18:49:49.586268 [debug] [Thread-1 (]: Writing injected SQL for node "model.dbt_dividend.stg_dividend_events"
[0m18:49:49.587459 [debug] [Thread-1 (]: Began executing node model.dbt_dividend.stg_dividend_events
[0m18:49:49.630781 [debug] [Thread-1 (]: Writing runtime sql for node "model.dbt_dividend.stg_dividend_events"
[0m18:49:49.631920 [debug] [Thread-1 (]: Using postgres connection "model.dbt_dividend.stg_dividend_events"
[0m18:49:49.632537 [debug] [Thread-1 (]: On model.dbt_dividend.stg_dividend_events: /* {"app": "dbt", "dbt_version": "1.12.0", "profile_name": "dbt_dividend", "target_name": "dev", "node_id": "model.dbt_dividend.stg_dividend_events"} */

  create view "postgres"."public"."stg_dividend_events__dbt_tmp"
    
    
  as (
    

select
    ticker,
    ex_date,
    dividend_amount,
    price_day_before,
    price_on_ex_date,
    price_drop,
    drop_less_than_div
from "postgres"."public"."dividend_events"
where dividend_amount > 0
  and price_day_before is not null
  and price_on_ex_date is not null
  );
[0m18:49:49.633043 [debug] [Thread-1 (]: Opening a new connection, currently in state closed
[0m18:49:49.657259 [debug] [Thread-1 (]: SQL status: CREATE VIEW in 0.024 seconds
[0m18:49:49.665330 [debug] [Thread-1 (]: Using postgres connection "model.dbt_dividend.stg_dividend_events"
[0m18:49:49.666043 [debug] [Thread-1 (]: On model.dbt_dividend.stg_dividend_events: /* {"app": "dbt", "dbt_version": "1.12.0", "profile_name": "dbt_dividend", "target_name": "dev", "node_id": "model.dbt_dividend.stg_dividend_events"} */
alter table "postgres"."public"."stg_dividend_events" rename to "stg_dividend_events__dbt_backup"
[0m18:49:49.667365 [debug] [Thread-1 (]: SQL status: ALTER TABLE in 0.001 seconds
[0m18:49:49.670226 [debug] [Thread-1 (]: Using postgres connection "model.dbt_dividend.stg_dividend_events"
[0m18:49:49.670761 [debug] [Thread-1 (]: On model.dbt_dividend.stg_dividend_events: /* {"app": "dbt", "dbt_version": "1.12.0", "profile_name": "dbt_dividend", "target_name": "dev", "node_id": "model.dbt_dividend.stg_dividend_events"} */
alter table "postgres"."public"."stg_dividend_events__dbt_tmp" rename to "stg_dividend_events"
[0m18:49:49.671915 [debug] [Thread-1 (]: SQL status: ALTER TABLE in 0.001 seconds
[0m18:49:49.696348 [debug] [Thread-1 (]: On model.dbt_dividend.stg_dividend_events: COMMIT
[0m18:49:49.697032 [debug] [Thread-1 (]: Using postgres connection "model.dbt_dividend.stg_dividend_events"
[0m18:49:49.697560 [debug] [Thread-1 (]: On model.dbt_dividend.stg_dividend_events: COMMIT
[0m18:49:49.701038 [debug] [Thread-1 (]: SQL status: COMMIT in 0.003 seconds
[0m18:49:49.708684 [debug] [Thread-1 (]: Applying DROP to: "postgres"."public"."stg_dividend_events__dbt_backup"
[0m18:49:49.715602 [debug] [Thread-1 (]: Using postgres connection "model.dbt_dividend.stg_dividend_events"
[0m18:49:49.716276 [debug] [Thread-1 (]: On model.dbt_dividend.stg_dividend_events: /* {"app": "dbt", "dbt_version": "1.12.0", "profile_name": "dbt_dividend", "target_name": "dev", "node_id": "model.dbt_dividend.stg_dividend_events"} */
drop view if exists "postgres"."public"."stg_dividend_events__dbt_backup" cascade
[0m18:49:49.718422 [debug] [Thread-1 (]: SQL status: DROP VIEW in 0.002 seconds
[0m18:49:49.721806 [debug] [Thread-1 (]: On model.dbt_dividend.stg_dividend_events: Close
[0m18:49:49.724788 [debug] [Thread-1 (]: Sending event: {'category': 'dbt', 'action': 'run_model', 'label': '0242bab2-045d-48f9-a598-02110fa9c8b1', 'context': [<snowplow_tracker.self_describing_json.SelfDescribingJson object at 0x71f3d11709b0>]}
[0m18:49:49.725756 [info ] [Thread-1 (]: 1 of 4 OK created sql view model public.stg_dividend_events .................... [[32mCREATE VIEW[0m in 0.15s]
[0m18:49:49.726582 [debug] [Thread-1 (]: Finished running node model.dbt_dividend.stg_dividend_events
[0m18:49:49.727817 [debug] [Thread-1 (]: Began running node model.dbt_dividend.fct_dividend_performance
[0m18:49:49.728565 [info ] [Thread-1 (]: 2 of 4 START sql table model public.fct_dividend_performance ................... [RUN]
[0m18:49:49.729407 [debug] [Thread-1 (]: Re-using an available connection from the pool (formerly model.dbt_dividend.stg_dividend_events, now model.dbt_dividend.fct_dividend_performance)
[0m18:49:49.729925 [debug] [Thread-1 (]: Began compiling node model.dbt_dividend.fct_dividend_performance
[0m18:49:49.733039 [debug] [Thread-1 (]: Writing injected SQL for node "model.dbt_dividend.fct_dividend_performance"
[0m18:49:49.734277 [debug] [Thread-1 (]: Began executing node model.dbt_dividend.fct_dividend_performance
[0m18:49:49.760766 [debug] [Thread-1 (]: Writing runtime sql for node "model.dbt_dividend.fct_dividend_performance"
[0m18:49:49.761871 [debug] [Thread-1 (]: Using postgres connection "model.dbt_dividend.fct_dividend_performance"
[0m18:49:49.762506 [debug] [Thread-1 (]: On model.dbt_dividend.fct_dividend_performance: /* {"app": "dbt", "dbt_version": "1.12.0", "profile_name": "dbt_dividend", "target_name": "dev", "node_id": "model.dbt_dividend.fct_dividend_performance"} */

  
    

  create  table "postgres"."public"."fct_dividend_performance__dbt_tmp"
  
  
    as
  
  (
    

with base as (
    select
        ticker,
        count(*)                                                as total_events,
        sum(case when drop_less_than_div then 1 else 0 end)     as favorable_events,
        avg(dividend_amount)                                    as avg_dividend,
        avg(price_drop)                                         as avg_price_drop,
        min(ex_date)                                            as first_event_date,
        max(ex_date)                                            as last_event_date
    from "postgres"."public"."stg_dividend_events"
    group by ticker
)

select
    ticker,
    total_events,
    favorable_events,
    round(
        favorable_events::numeric / nullif(total_events, 0) * 100,
        2
    )                                   as favorable_pct,
    round(avg_dividend::numeric, 4)     as avg_dividend,
    round(avg_price_drop::numeric, 4)   as avg_price_drop,
    first_event_date,
    last_event_date
from base
  );
  
[0m18:49:49.763029 [debug] [Thread-1 (]: Opening a new connection, currently in state closed
[0m18:49:49.789722 [debug] [Thread-1 (]: SQL status: SELECT 32 in 0.027 seconds
[0m18:49:49.797524 [debug] [Thread-1 (]: Using postgres connection "model.dbt_dividend.fct_dividend_performance"
[0m18:49:49.798149 [debug] [Thread-1 (]: On model.dbt_dividend.fct_dividend_performance: /* {"app": "dbt", "dbt_version": "1.12.0", "profile_name": "dbt_dividend", "target_name": "dev", "node_id": "model.dbt_dividend.fct_dividend_performance"} */
alter table "postgres"."public"."fct_dividend_performance" rename to "fct_dividend_performance__dbt_backup"
[0m18:49:49.799399 [debug] [Thread-1 (]: SQL status: ALTER TABLE in 0.001 seconds
[0m18:49:49.802245 [debug] [Thread-1 (]: Using postgres connection "model.dbt_dividend.fct_dividend_performance"
[0m18:49:49.802776 [debug] [Thread-1 (]: On model.dbt_dividend.fct_dividend_performance: /* {"app": "dbt", "dbt_version": "1.12.0", "profile_name": "dbt_dividend", "target_name": "dev", "node_id": "model.dbt_dividend.fct_dividend_performance"} */
alter table "postgres"."public"."fct_dividend_performance__dbt_tmp" rename to "fct_dividend_performance"
[0m18:49:49.803897 [debug] [Thread-1 (]: SQL status: ALTER TABLE in 0.001 seconds
[0m18:49:49.806480 [debug] [Thread-1 (]: On model.dbt_dividend.fct_dividend_performance: COMMIT
[0m18:49:49.807086 [debug] [Thread-1 (]: Using postgres connection "model.dbt_dividend.fct_dividend_performance"
[0m18:49:49.807663 [debug] [Thread-1 (]: On model.dbt_dividend.fct_dividend_performance: COMMIT
[0m18:49:49.808935 [debug] [Thread-1 (]: SQL status: COMMIT in 0.001 seconds
[0m18:49:49.811124 [debug] [Thread-1 (]: Applying DROP to: "postgres"."public"."fct_dividend_performance__dbt_backup"
[0m18:49:49.815262 [debug] [Thread-1 (]: Using postgres connection "model.dbt_dividend.fct_dividend_performance"
[0m18:49:49.815878 [debug] [Thread-1 (]: On model.dbt_dividend.fct_dividend_performance: /* {"app": "dbt", "dbt_version": "1.12.0", "profile_name": "dbt_dividend", "target_name": "dev", "node_id": "model.dbt_dividend.fct_dividend_performance"} */
drop table if exists "postgres"."public"."fct_dividend_performance__dbt_backup" cascade
[0m18:49:49.818378 [debug] [Thread-1 (]: SQL status: DROP TABLE in 0.002 seconds
[0m18:49:49.820190 [debug] [Thread-1 (]: On model.dbt_dividend.fct_dividend_performance: Close
[0m18:49:49.821204 [debug] [Thread-1 (]: Sending event: {'category': 'dbt', 'action': 'run_model', 'label': '0242bab2-045d-48f9-a598-02110fa9c8b1', 'context': [<snowplow_tracker.self_describing_json.SelfDescribingJson object at 0x71f3c6e24350>]}
[0m18:49:49.822066 [info ] [Thread-1 (]: 2 of 4 OK created sql table model public.fct_dividend_performance .............. [[32mSELECT 32[0m in 0.09s]
[0m18:49:49.822804 [debug] [Thread-1 (]: Finished running node model.dbt_dividend.fct_dividend_performance
[0m18:49:49.824036 [debug] [Thread-1 (]: Began running node model.dbt_dividend.best_dividend_tickers
[0m18:49:49.824912 [info ] [Thread-1 (]: 3 of 4 START sql table model public.best_dividend_tickers ...................... [RUN]
[0m18:49:49.825623 [debug] [Thread-1 (]: Re-using an available connection from the pool (formerly model.dbt_dividend.fct_dividend_performance, now model.dbt_dividend.best_dividend_tickers)
[0m18:49:49.826142 [debug] [Thread-1 (]: Began compiling node model.dbt_dividend.best_dividend_tickers
[0m18:49:49.828849 [debug] [Thread-1 (]: Writing injected SQL for node "model.dbt_dividend.best_dividend_tickers"
[0m18:49:49.829703 [debug] [Thread-1 (]: Began executing node model.dbt_dividend.best_dividend_tickers
[0m18:49:49.834382 [debug] [Thread-1 (]: Writing runtime sql for node "model.dbt_dividend.best_dividend_tickers"
[0m18:49:49.835153 [debug] [Thread-1 (]: Using postgres connection "model.dbt_dividend.best_dividend_tickers"
[0m18:49:49.835693 [debug] [Thread-1 (]: On model.dbt_dividend.best_dividend_tickers: /* {"app": "dbt", "dbt_version": "1.12.0", "profile_name": "dbt_dividend", "target_name": "dev", "node_id": "model.dbt_dividend.best_dividend_tickers"} */

  
    

  create  table "postgres"."public"."best_dividend_tickers__dbt_tmp"
  
  
    as
  
  (
    

select
    ticker,
    total_events,
    favorable_events,
    favorable_pct,
    avg_dividend,
    avg_price_drop,
    first_event_date,
    last_event_date
from "postgres"."public"."fct_dividend_performance"
where total_events >= 3
order by favorable_pct desc, avg_dividend desc
limit 2
  );
  
[0m18:49:49.836157 [debug] [Thread-1 (]: Opening a new connection, currently in state closed
[0m18:49:49.856179 [debug] [Thread-1 (]: SQL status: SELECT 2 in 0.020 seconds
[0m18:49:49.860539 [debug] [Thread-1 (]: Using postgres connection "model.dbt_dividend.best_dividend_tickers"
[0m18:49:49.861257 [debug] [Thread-1 (]: On model.dbt_dividend.best_dividend_tickers: /* {"app": "dbt", "dbt_version": "1.12.0", "profile_name": "dbt_dividend", "target_name": "dev", "node_id": "model.dbt_dividend.best_dividend_tickers"} */
alter table "postgres"."public"."best_dividend_tickers" rename to "best_dividend_tickers__dbt_backup"
[0m18:49:49.862659 [debug] [Thread-1 (]: SQL status: ALTER TABLE in 0.001 seconds
[0m18:49:49.865987 [debug] [Thread-1 (]: Using postgres connection "model.dbt_dividend.best_dividend_tickers"
[0m18:49:49.866629 [debug] [Thread-1 (]: On model.dbt_dividend.best_dividend_tickers: /* {"app": "dbt", "dbt_version": "1.12.0", "profile_name": "dbt_dividend", "target_name": "dev", "node_id": "model.dbt_dividend.best_dividend_tickers"} */
alter table "postgres"."public"."best_dividend_tickers__dbt_tmp" rename to "best_dividend_tickers"
[0m18:49:49.867812 [debug] [Thread-1 (]: SQL status: ALTER TABLE in 0.001 seconds
[0m18:49:49.870425 [debug] [Thread-1 (]: On model.dbt_dividend.best_dividend_tickers: COMMIT
[0m18:49:49.870938 [debug] [Thread-1 (]: Using postgres connection "model.dbt_dividend.best_dividend_tickers"
[0m18:49:49.871385 [debug] [Thread-1 (]: On model.dbt_dividend.best_dividend_tickers: COMMIT
[0m18:49:49.872537 [debug] [Thread-1 (]: SQL status: COMMIT in 0.001 seconds
[0m18:49:49.874568 [debug] [Thread-1 (]: Applying DROP to: "postgres"."public"."best_dividend_tickers__dbt_backup"
[0m18:49:49.875712 [debug] [Thread-1 (]: Using postgres connection "model.dbt_dividend.best_dividend_tickers"
[0m18:49:49.876221 [debug] [Thread-1 (]: On model.dbt_dividend.best_dividend_tickers: /* {"app": "dbt", "dbt_version": "1.12.0", "profile_name": "dbt_dividend", "target_name": "dev", "node_id": "model.dbt_dividend.best_dividend_tickers"} */
drop table if exists "postgres"."public"."best_dividend_tickers__dbt_backup" cascade
[0m18:49:49.878561 [debug] [Thread-1 (]: SQL status: DROP TABLE in 0.002 seconds
[0m18:49:49.880283 [debug] [Thread-1 (]: On model.dbt_dividend.best_dividend_tickers: Close
[0m18:49:49.881213 [debug] [Thread-1 (]: Sending event: {'category': 'dbt', 'action': 'run_model', 'label': '0242bab2-045d-48f9-a598-02110fa9c8b1', 'context': [<snowplow_tracker.self_describing_json.SelfDescribingJson object at 0x71f3c78c3bd0>]}
[0m18:49:49.882072 [info ] [Thread-1 (]: 3 of 4 OK created sql table model public.best_dividend_tickers ................. [[32mSELECT 2[0m in 0.06s]
[0m18:49:49.882811 [debug] [Thread-1 (]: Finished running node model.dbt_dividend.best_dividend_tickers
[0m18:49:49.883795 [debug] [Thread-1 (]: Began running node model.dbt_dividend.dividend_history
[0m18:49:49.884511 [info ] [Thread-1 (]: 4 of 4 START sql table model public.dividend_history ........................... [RUN]
[0m18:49:49.885122 [debug] [Thread-1 (]: Re-using an available connection from the pool (formerly model.dbt_dividend.best_dividend_tickers, now model.dbt_dividend.dividend_history)
[0m18:49:49.885615 [debug] [Thread-1 (]: Began compiling node model.dbt_dividend.dividend_history
[0m18:49:49.888611 [debug] [Thread-1 (]: Writing injected SQL for node "model.dbt_dividend.dividend_history"
[0m18:49:49.889430 [debug] [Thread-1 (]: Began executing node model.dbt_dividend.dividend_history
[0m18:49:49.893305 [debug] [Thread-1 (]: Writing runtime sql for node "model.dbt_dividend.dividend_history"
[0m18:49:49.894097 [debug] [Thread-1 (]: Using postgres connection "model.dbt_dividend.dividend_history"
[0m18:49:49.894637 [debug] [Thread-1 (]: On model.dbt_dividend.dividend_history: /* {"app": "dbt", "dbt_version": "1.12.0", "profile_name": "dbt_dividend", "target_name": "dev", "node_id": "model.dbt_dividend.dividend_history"} */

  
    

  create  table "postgres"."public"."dividend_history__dbt_tmp"
  
  
    as
  
  (
    

select
    e.ticker,
    e.ex_date,
    e.dividend_amount,
    e.price_day_before,
    e.price_on_ex_date,
    e.price_drop,
    e.drop_less_than_div,
    p.favorable_pct,
    p.avg_dividend
from "postgres"."public"."stg_dividend_events" e
inner join "postgres"."public"."best_dividend_tickers" b
    on e.ticker = b.ticker
inner join "postgres"."public"."fct_dividend_performance" p
    on e.ticker = p.ticker
where e.ex_date >= current_date - interval '5 years'
order by e.ticker, e.ex_date
  );
  
[0m18:49:49.895096 [debug] [Thread-1 (]: Opening a new connection, currently in state closed
[0m18:49:49.916607 [debug] [Thread-1 (]: SQL status: SELECT 40 in 0.021 seconds
[0m18:49:49.921963 [debug] [Thread-1 (]: Using postgres connection "model.dbt_dividend.dividend_history"
[0m18:49:49.922670 [debug] [Thread-1 (]: On model.dbt_dividend.dividend_history: /* {"app": "dbt", "dbt_version": "1.12.0", "profile_name": "dbt_dividend", "target_name": "dev", "node_id": "model.dbt_dividend.dividend_history"} */
alter table "postgres"."public"."dividend_history" rename to "dividend_history__dbt_backup"
[0m18:49:49.924099 [debug] [Thread-1 (]: SQL status: ALTER TABLE in 0.001 seconds
[0m18:49:49.927045 [debug] [Thread-1 (]: Using postgres connection "model.dbt_dividend.dividend_history"
[0m18:49:49.927576 [debug] [Thread-1 (]: On model.dbt_dividend.dividend_history: /* {"app": "dbt", "dbt_version": "1.12.0", "profile_name": "dbt_dividend", "target_name": "dev", "node_id": "model.dbt_dividend.dividend_history"} */
alter table "postgres"."public"."dividend_history__dbt_tmp" rename to "dividend_history"
[0m18:49:49.928597 [debug] [Thread-1 (]: SQL status: ALTER TABLE in 0.001 seconds
[0m18:49:49.930982 [debug] [Thread-1 (]: On model.dbt_dividend.dividend_history: COMMIT
[0m18:49:49.931517 [debug] [Thread-1 (]: Using postgres connection "model.dbt_dividend.dividend_history"
[0m18:49:49.931985 [debug] [Thread-1 (]: On model.dbt_dividend.dividend_history: COMMIT
[0m18:49:49.933109 [debug] [Thread-1 (]: SQL status: COMMIT in 0.001 seconds
[0m18:49:49.935102 [debug] [Thread-1 (]: Applying DROP to: "postgres"."public"."dividend_history__dbt_backup"
[0m18:49:49.936179 [debug] [Thread-1 (]: Using postgres connection "model.dbt_dividend.dividend_history"
[0m18:49:49.936702 [debug] [Thread-1 (]: On model.dbt_dividend.dividend_history: /* {"app": "dbt", "dbt_version": "1.12.0", "profile_name": "dbt_dividend", "target_name": "dev", "node_id": "model.dbt_dividend.dividend_history"} */
drop table if exists "postgres"."public"."dividend_history__dbt_backup" cascade
[0m18:49:49.938859 [debug] [Thread-1 (]: SQL status: DROP TABLE in 0.002 seconds
[0m18:49:49.940578 [debug] [Thread-1 (]: On model.dbt_dividend.dividend_history: Close
[0m18:49:49.941486 [debug] [Thread-1 (]: Sending event: {'category': 'dbt', 'action': 'run_model', 'label': '0242bab2-045d-48f9-a598-02110fa9c8b1', 'context': [<snowplow_tracker.self_describing_json.SelfDescribingJson object at 0x71f3c6e69130>]}
[0m18:49:49.942330 [info ] [Thread-1 (]: 4 of 4 OK created sql table model public.dividend_history ...................... [[32mSELECT 40[0m in 0.06s]
[0m18:49:49.943023 [debug] [Thread-1 (]: Finished running node model.dbt_dividend.dividend_history
[0m18:49:49.944949 [debug] [MainThread]: On master: COMMIT
[0m18:49:49.945826 [debug] [MainThread]: Using postgres connection "master"
[0m18:49:49.946302 [debug] [MainThread]: On master: COMMIT
[0m18:49:49.946702 [debug] [MainThread]: Opening a new connection, currently in state closed
[0m18:49:49.960275 [debug] [MainThread]: SQL status: COMMIT in 0.013 seconds
[0m18:49:49.960894 [debug] [MainThread]: On master: Close
[0m18:49:49.961692 [debug] [MainThread]: Connection 'master' was properly closed.
[0m18:49:49.962118 [debug] [MainThread]: Connection 'model.dbt_dividend.dividend_history' was properly closed.
[0m18:49:49.962629 [info ] [MainThread]: 
[0m18:49:49.963081 [info ] [MainThread]: Finished running 3 table models, 1 view model in 0 hours 0 minutes and 0.52 seconds (0.52s).
[0m18:49:49.964461 [debug] [MainThread]: Command end result
[0m18:49:50.020688 [debug] [MainThread]: Wrote artifact WritableManifest to dbt_dividend/target/manifest.json
[0m18:49:50.024029 [debug] [MainThread]: Wrote artifact SemanticManifest to dbt_dividend/target/semantic_manifest.json
[0m18:49:50.026913 [debug] [MainThread]: Wrote artifact OsiDocument to dbt_dividend/target/osi_document.json
[0m18:49:50.035102 [debug] [MainThread]: Wrote artifact RunExecutionResult to dbt_dividend/target/run_results.json
[0m18:49:50.035781 [info ] [MainThread]: 
[0m18:49:50.036349 [info ] [MainThread]: [32mCompleted successfully[0m
[0m18:49:50.036846 [info ] [MainThread]: 
[0m18:49:50.037327 [info ] [MainThread]: Done. PASS=4 WARN=0 ERROR=0 SKIP=0 NO-OP=0 REUSED=0 TOTAL=4
[0m18:49:50.038091 [warn ] [MainThread]: [[33mWARNING[0m][DeprecationsSummary]: Deprecated functionality
Summary of encountered deprecations:
- MissingArgumentsPropertyInGenericTestDeprecation: 8 occurrences
To see all deprecation instances instead of just the first occurrence of each,
run command again with the `--show-all-deprecations` flag. You may also need to
run with `--no-partial-parse` as some deprecations are only encountered during
parsing.
[0m18:49:50.039418 [debug] [MainThread]: Resource report: {"command_name": "run", "command_success": true, "command_wall_clock_time": 4.073389, "process_in_blocks": "32", "process_kernel_time": 0.329994, "process_mem_max_rss": "156052", "process_out_blocks": "5952", "process_user_time": 5.607905}
[0m18:49:50.040129 [debug] [MainThread]: Command `dbt run` succeeded at 18:49:50.039986 after 4.07 seconds
[0m18:49:50.040709 [debug] [MainThread]: Sending event: {'category': 'dbt', 'action': 'invocation', 'label': 'end', 'context': [<snowplow_tracker.self_describing_json.SelfDescribingJson object at 0x71f3d00b7170>, <snowplow_tracker.self_describing_json.SelfDescribingJson object at 0x71f3c6e6b7d0>, <snowplow_tracker.self_describing_json.SelfDescribingJson object at 0x71f3c6e691f0>]}
[0m18:49:50.041252 [debug] [MainThread]: Flushing usage events
[0m18:49:56.524025 [debug] [MainThread]: An error was encountered while trying to flush usage events
[0m18:49:59.093546 [debug] [MainThread]: Sending event: {'category': 'dbt', 'action': 'invocation', 'label': 'start', 'context': [<snowplow_tracker.self_describing_json.SelfDescribingJson object at 0x7ba1f2feb4d0>, <snowplow_tracker.self_describing_json.SelfDescribingJson object at 0x7ba1f1a03d90>, <snowplow_tracker.self_describing_json.SelfDescribingJson object at 0x7ba1f1a039d0>]}


============================== 18:49:59.101388 | 2501283b-82ef-47e2-98ed-c12ba7b484d2 ==============================
[0m18:49:59.101388 [info ] [MainThread]: Running with dbt=1.12.0
[0m18:49:59.102686 [debug] [MainThread]: running dbt with arguments {'printer_width': '80', 'use_colors': 'True', 'invocation_command': 'dbt test --project-dir dbt_dividend', 'indirect_selection': 'eager', 'hints_enabled': 'True', 'static_parser': 'True', 'target_path': 'None', 'send_anonymous_usage_stats': 'True', 'cache_selected_only': 'False', 'log_path': 'dbt_dividend/logs', 'empty': 'None', 'version_check': 'True', 'use_experimental_parser': 'False', 'quiet': 'False', 'log_cache_events': 'False', 'fail_fast': 'False', 'write_json': 'True', 'introspect': 'True', 'log_format': 'default', 'warn_error_options': 'WarnErrorOptionsV2(error=[], warn=[], silence=[])', 'warn_error': 'None', 'maximum_seed_size_mib': '1', 'debug': 'False', 'no_print': 'None', 'profiles_dir': '/home/pranays/.dbt', 'partial_parse': 'True'}
[0m18:49:59.395028 [debug] [MainThread]: Sending event: {'category': 'dbt', 'action': 'project_id', 'label': '2501283b-82ef-47e2-98ed-c12ba7b484d2', 'context': [<snowplow_tracker.self_describing_json.SelfDescribingJson object at 0x7ba1f2aa2d70>]}
[0m18:49:59.577549 [debug] [MainThread]: Sending event: {'category': 'dbt', 'action': 'adapter_info', 'label': '2501283b-82ef-47e2-98ed-c12ba7b484d2', 'context': [<snowplow_tracker.self_describing_json.SelfDescribingJson object at 0x7ba1f199e470>]}
[0m18:49:59.578821 [info ] [MainThread]: Registered adapter: postgres=1.11.0
[0m18:49:59.665470 [debug] [MainThread]: checksum: 0ac4f707b0185b5e4d53a2a15915f56053932fe74d2684ef0085d7d509366ebb, vars: {}, profile: dbt_dividend, target: dev, version: 1.12.0
[0m18:49:59.845488 [debug] [MainThread]: Partial parsing enabled: 0 files deleted, 0 files added, 0 files changed.
[0m18:49:59.846082 [debug] [MainThread]: Nothing changed, skipping partial parsing.
[0m18:49:59.846488 [debug] [MainThread]: Partial parsing enabled, no changes found, skipping parsing
[0m18:49:59.857821 [debug] [MainThread]: Sending event: {'category': 'dbt', 'action': 'load_project', 'label': '2501283b-82ef-47e2-98ed-c12ba7b484d2', 'context': [<snowplow_tracker.self_describing_json.SelfDescribingJson object at 0x7ba1ef74a050>]}
[0m18:50:00.041773 [debug] [MainThread]: Wrote artifact WritableManifest to dbt_dividend/target/manifest.json
[0m18:50:00.044924 [debug] [MainThread]: Wrote artifact SemanticManifest to dbt_dividend/target/semantic_manifest.json
[0m18:50:00.059834 [debug] [MainThread]: Wrote artifact OsiDocument to dbt_dividend/target/osi_document.json
[0m18:50:00.084327 [debug] [MainThread]: Sending event: {'category': 'dbt', 'action': 'resource_counts', 'label': '2501283b-82ef-47e2-98ed-c12ba7b484d2', 'context': [<snowplow_tracker.self_describing_json.SelfDescribingJson object at 0x7ba1eef31f40>]}
[0m18:50:00.085033 [info ] [MainThread]: Found 4 models, 28 data tests, 2 sources, 744 macros
[0m18:50:00.085536 [debug] [MainThread]: Sending event: {'category': 'dbt', 'action': 'runnable_timing', 'label': '2501283b-82ef-47e2-98ed-c12ba7b484d2', 'context': [<snowplow_tracker.self_describing_json.SelfDescribingJson object at 0x7ba1eef418d0>]}
[0m18:50:00.089010 [info ] [MainThread]: 
[0m18:50:00.089592 [info ] [MainThread]: Concurrency: 1 threads (target='dev')
[0m18:50:00.090033 [info ] [MainThread]: 
[0m18:50:00.090742 [debug] [MainThread]: Acquiring new postgres connection 'master'
[0m18:50:00.096334 [debug] [ThreadPool]: Acquiring new postgres connection 'list_postgres_public'
[0m18:50:00.140196 [debug] [ThreadPool]: Using postgres connection "list_postgres_public"
[0m18:50:00.140865 [debug] [ThreadPool]: On list_postgres_public: /* {"app": "dbt", "dbt_version": "1.12.0", "profile_name": "dbt_dividend", "target_name": "dev", "connection_name": "list_postgres_public"} */
select
      'postgres' as database,
      tablename as name,
      schemaname as schema,
      'table' as type
    from pg_tables
    where schemaname ilike 'public'
    union all
    select
      'postgres' as database,
      viewname as name,
      schemaname as schema,
      'view' as type
    from pg_views
    where schemaname ilike 'public'
    union all
    select
      'postgres' as database,
      matviewname as name,
      schemaname as schema,
      'materialized_view' as type
    from pg_matviews
    where schemaname ilike 'public'
    union all
    select distinct
     'postgres' as database,
     proname as name,
     ns.nspname as schema,
     'function' as type
    from pg_proc
     join pg_namespace as ns on pronamespace = ns.oid
    where ns.nspname ilike 'public'
  
[0m18:50:00.141363 [debug] [ThreadPool]: Opening a new connection, currently in state init
[0m18:50:00.162218 [debug] [ThreadPool]: SQL status: SELECT 12 in 0.021 seconds
[0m18:50:00.164321 [debug] [ThreadPool]: On list_postgres_public: ROLLBACK
[0m18:50:00.165073 [debug] [ThreadPool]: On list_postgres_public: Close
[0m18:50:00.172765 [debug] [MainThread]: Using postgres connection "master"
[0m18:50:00.173419 [debug] [MainThread]: On master: /* {"app": "dbt", "dbt_version": "1.12.0", "profile_name": "dbt_dividend", "target_name": "dev", "connection_name": "master"} */
select distinct
        dependent_namespace.nspname as dependent_schema,
        dependent_class.relname as dependent_name,
        referenced_namespace.nspname as referenced_schema,
        referenced_class.relname as referenced_name

    -- Query for views: views are entries in pg_class with an entry in pg_rewrite, but we avoid
    -- a seq scan on pg_rewrite by leveraging the fact there is an "internal" row in pg_depend for
    -- the view...
    from pg_class as dependent_class
    join pg_namespace as dependent_namespace on dependent_namespace.oid = dependent_class.relnamespace
    join pg_depend as dependent_depend on dependent_depend.refobjid = dependent_class.oid
        and dependent_depend.classid = 'pg_rewrite'::regclass
        and dependent_depend.refclassid = 'pg_class'::regclass
        and dependent_depend.deptype = 'i'

    -- ... and via pg_depend (that has a row per column, hence the need for "distinct" above, and
    -- making sure to exclude the internal row to avoid a view appearing to depend on itself)...
    join pg_depend as joining_depend on joining_depend.objid = dependent_depend.objid
        and joining_depend.classid = 'pg_rewrite'::regclass
        and joining_depend.refclassid = 'pg_class'::regclass
        and joining_depend.refobjid != dependent_depend.refobjid

    -- ... we can find the tables they query from in pg_class, but excluding system tables. Note we
    -- don't need need to exclude _dependent_ system tables, because they only query from other
    -- system tables, and so are automatically excluded by excluding _referenced_ system tables
    join pg_class as referenced_class on referenced_class.oid = joining_depend.refobjid
    join pg_namespace as referenced_namespace on referenced_namespace.oid = referenced_class.relnamespace
        and referenced_namespace.nspname != 'information_schema'
        and referenced_namespace.nspname not like 'pg\_%'

    order by
        dependent_schema, dependent_name, referenced_schema, referenced_name;
[0m18:50:00.173941 [debug] [MainThread]: Opening a new connection, currently in state init
[0m18:50:00.192094 [debug] [MainThread]: SQL status: SELECT 3 in 0.018 seconds
[0m18:50:00.194571 [debug] [MainThread]: Sending event: {'category': 'dbt', 'action': 'runnable_timing', 'label': '2501283b-82ef-47e2-98ed-c12ba7b484d2', 'context': [<snowplow_tracker.self_describing_json.SelfDescribingJson object at 0x7ba1ee154a10>]}
[0m18:50:00.195239 [debug] [MainThread]: On master: ROLLBACK
[0m18:50:00.196009 [debug] [MainThread]: On master: COMMIT
[0m18:50:00.196504 [debug] [MainThread]: Using postgres connection "master"
[0m18:50:00.196880 [debug] [MainThread]: On master: COMMIT
[0m18:50:00.197489 [debug] [MainThread]: SQL status: COMMIT in 0.000 seconds
[0m18:50:00.198011 [debug] [MainThread]: On master: Close
[0m18:50:00.201905 [debug] [Thread-1 (]: Began running node test.dbt_dividend.dbt_expectations_expect_column_values_to_be_between_best_dividend_tickers_favorable_pct__100__0.b4af76eef7
[0m18:50:00.203042 [info ] [Thread-1 (]: 1 of 28 START test dbt_expectations_expect_column_values_to_be_between_best_dividend_tickers_favorable_pct__100__0  [RUN]
[0m18:50:00.204176 [debug] [Thread-1 (]: Re-using an available connection from the pool (formerly list_postgres_public, now test.dbt_dividend.dbt_expectations_expect_column_values_to_be_between_best_dividend_tickers_favorable_pct__100__0.b4af76eef7)
[0m18:50:00.204844 [debug] [Thread-1 (]: Began compiling node test.dbt_dividend.dbt_expectations_expect_column_values_to_be_between_best_dividend_tickers_favorable_pct__100__0.b4af76eef7
[0m18:50:00.240702 [debug] [Thread-1 (]: Writing injected SQL for node "test.dbt_dividend.dbt_expectations_expect_column_values_to_be_between_best_dividend_tickers_favorable_pct__100__0.b4af76eef7"
[0m18:50:00.241852 [debug] [Thread-1 (]: Began executing node test.dbt_dividend.dbt_expectations_expect_column_values_to_be_between_best_dividend_tickers_favorable_pct__100__0.b4af76eef7
[0m18:50:00.265265 [debug] [Thread-1 (]: Writing runtime sql for node "test.dbt_dividend.dbt_expectations_expect_column_values_to_be_between_best_dividend_tickers_favorable_pct__100__0.b4af76eef7"
[0m18:50:00.266500 [debug] [Thread-1 (]: Using postgres connection "test.dbt_dividend.dbt_expectations_expect_column_values_to_be_between_best_dividend_tickers_favorable_pct__100__0.b4af76eef7"
[0m18:50:00.267167 [debug] [Thread-1 (]: On test.dbt_dividend.dbt_expectations_expect_column_values_to_be_between_best_dividend_tickers_favorable_pct__100__0.b4af76eef7: /* {"app": "dbt", "dbt_version": "1.12.0", "profile_name": "dbt_dividend", "target_name": "dev", "node_id": "test.dbt_dividend.dbt_expectations_expect_column_values_to_be_between_best_dividend_tickers_favorable_pct__100__0.b4af76eef7"} */

    
    select
      count(*) as failures,
      count(*) != 0 as should_warn,
      count(*) != 0 as should_error
    from (
      
    
  






    with grouped_expression as (
    select
        
        
    
  
( 1=1 and favorable_pct >= 0 and favorable_pct <= 100
)
 as expression


    from "postgres"."public"."best_dividend_tickers"
    

),
validation_errors as (

    select
        *
    from
        grouped_expression
    where
        not(expression = true)

)

select *
from validation_errors








  
  
      
    ) dbt_internal_test
[0m18:50:00.267683 [debug] [Thread-1 (]: Opening a new connection, currently in state closed
[0m18:50:00.281508 [debug] [Thread-1 (]: SQL status: SELECT 1 in 0.014 seconds
[0m18:50:00.287071 [debug] [Thread-1 (]: On test.dbt_dividend.dbt_expectations_expect_column_values_to_be_between_best_dividend_tickers_favorable_pct__100__0.b4af76eef7: ROLLBACK
[0m18:50:00.288146 [debug] [Thread-1 (]: On test.dbt_dividend.dbt_expectations_expect_column_values_to_be_between_best_dividend_tickers_favorable_pct__100__0.b4af76eef7: Close
[0m18:50:00.289254 [info ] [Thread-1 (]: 1 of 28 PASS dbt_expectations_expect_column_values_to_be_between_best_dividend_tickers_favorable_pct__100__0  [[32mPASS[0m in 0.09s]
[0m18:50:00.290043 [debug] [Thread-1 (]: Finished running node test.dbt_dividend.dbt_expectations_expect_column_values_to_be_between_best_dividend_tickers_favorable_pct__100__0.b4af76eef7
[0m18:50:00.290604 [debug] [Thread-1 (]: Began running node test.dbt_dividend.dbt_expectations_expect_column_values_to_be_between_dividend_history_dividend_amount__0__True.009c4f78c0
[0m18:50:00.291083 [info ] [Thread-1 (]: 2 of 28 START test dbt_expectations_expect_column_values_to_be_between_dividend_history_dividend_amount__0__True  [RUN]
[0m18:50:00.291676 [debug] [Thread-1 (]: Re-using an available connection from the pool (formerly test.dbt_dividend.dbt_expectations_expect_column_values_to_be_between_best_dividend_tickers_favorable_pct__100__0.b4af76eef7, now test.dbt_dividend.dbt_expectations_expect_column_values_to_be_between_dividend_history_dividend_amount__0__True.009c4f78c0)
[0m18:50:00.292206 [debug] [Thread-1 (]: Began compiling node test.dbt_dividend.dbt_expectations_expect_column_values_to_be_between_dividend_history_dividend_amount__0__True.009c4f78c0
[0m18:50:00.300997 [debug] [Thread-1 (]: Writing injected SQL for node "test.dbt_dividend.dbt_expectations_expect_column_values_to_be_between_dividend_history_dividend_amount__0__True.009c4f78c0"
[0m18:50:00.301877 [debug] [Thread-1 (]: Began executing node test.dbt_dividend.dbt_expectations_expect_column_values_to_be_between_dividend_history_dividend_amount__0__True.009c4f78c0
[0m18:50:00.304269 [debug] [Thread-1 (]: Writing runtime sql for node "test.dbt_dividend.dbt_expectations_expect_column_values_to_be_between_dividend_history_dividend_amount__0__True.009c4f78c0"
[0m18:50:00.305214 [debug] [Thread-1 (]: Using postgres connection "test.dbt_dividend.dbt_expectations_expect_column_values_to_be_between_dividend_history_dividend_amount__0__True.009c4f78c0"
[0m18:50:00.305853 [debug] [Thread-1 (]: On test.dbt_dividend.dbt_expectations_expect_column_values_to_be_between_dividend_history_dividend_amount__0__True.009c4f78c0: /* {"app": "dbt", "dbt_version": "1.12.0", "profile_name": "dbt_dividend", "target_name": "dev", "node_id": "test.dbt_dividend.dbt_expectations_expect_column_values_to_be_between_dividend_history_dividend_amount__0__True.009c4f78c0"} */

    
    select
      count(*) as failures,
      count(*) != 0 as should_warn,
      count(*) != 0 as should_error
    from (
      
    
  






    with grouped_expression as (
    select
        
        
    
  
( 1=1 and dividend_amount > 0
)
 as expression


    from "postgres"."public"."dividend_history"
    

),
validation_errors as (

    select
        *
    from
        grouped_expression
    where
        not(expression = true)

)

select *
from validation_errors








  
  
      
    ) dbt_internal_test
[0m18:50:00.306344 [debug] [Thread-1 (]: Opening a new connection, currently in state closed
[0m18:50:00.321429 [debug] [Thread-1 (]: SQL status: SELECT 1 in 0.015 seconds
[0m18:50:00.323391 [debug] [Thread-1 (]: On test.dbt_dividend.dbt_expectations_expect_column_values_to_be_between_dividend_history_dividend_amount__0__True.009c4f78c0: ROLLBACK
[0m18:50:00.324313 [debug] [Thread-1 (]: On test.dbt_dividend.dbt_expectations_expect_column_values_to_be_between_dividend_history_dividend_amount__0__True.009c4f78c0: Close
[0m18:50:00.325357 [info ] [Thread-1 (]: 2 of 28 PASS dbt_expectations_expect_column_values_to_be_between_dividend_history_dividend_amount__0__True  [[32mPASS[0m in 0.03s]
[0m18:50:00.326118 [debug] [Thread-1 (]: Finished running node test.dbt_dividend.dbt_expectations_expect_column_values_to_be_between_dividend_history_dividend_amount__0__True.009c4f78c0
[0m18:50:00.326666 [debug] [Thread-1 (]: Began running node test.dbt_dividend.dbt_expectations_expect_column_values_to_be_between_fct_dividend_performance_avg_dividend__0__True.d0550a099b
[0m18:50:00.327130 [info ] [Thread-1 (]: 3 of 28 START test dbt_expectations_expect_column_values_to_be_between_fct_dividend_performance_avg_dividend__0__True  [RUN]
[0m18:50:00.327699 [debug] [Thread-1 (]: Re-using an available connection from the pool (formerly test.dbt_dividend.dbt_expectations_expect_column_values_to_be_between_dividend_history_dividend_amount__0__True.009c4f78c0, now test.dbt_dividend.dbt_expectations_expect_column_values_to_be_between_fct_dividend_performance_avg_dividend__0__True.d0550a099b)
[0m18:50:00.328169 [debug] [Thread-1 (]: Began compiling node test.dbt_dividend.dbt_expectations_expect_column_values_to_be_between_fct_dividend_performance_avg_dividend__0__True.d0550a099b
[0m18:50:00.336060 [debug] [Thread-1 (]: Writing injected SQL for node "test.dbt_dividend.dbt_expectations_expect_column_values_to_be_between_fct_dividend_performance_avg_dividend__0__True.d0550a099b"
[0m18:50:00.336866 [debug] [Thread-1 (]: Began executing node test.dbt_dividend.dbt_expectations_expect_column_values_to_be_between_fct_dividend_performance_avg_dividend__0__True.d0550a099b
[0m18:50:00.339150 [debug] [Thread-1 (]: Writing runtime sql for node "test.dbt_dividend.dbt_expectations_expect_column_values_to_be_between_fct_dividend_performance_avg_dividend__0__True.d0550a099b"
[0m18:50:00.340043 [debug] [Thread-1 (]: Using postgres connection "test.dbt_dividend.dbt_expectations_expect_column_values_to_be_between_fct_dividend_performance_avg_dividend__0__True.d0550a099b"
[0m18:50:00.340624 [debug] [Thread-1 (]: On test.dbt_dividend.dbt_expectations_expect_column_values_to_be_between_fct_dividend_performance_avg_dividend__0__True.d0550a099b: /* {"app": "dbt", "dbt_version": "1.12.0", "profile_name": "dbt_dividend", "target_name": "dev", "node_id": "test.dbt_dividend.dbt_expectations_expect_column_values_to_be_between_fct_dividend_performance_avg_dividend__0__True.d0550a099b"} */

    
    select
      count(*) as failures,
      count(*) != 0 as should_warn,
      count(*) != 0 as should_error
    from (
      
    
  






    with grouped_expression as (
    select
        
        
    
  
( 1=1 and avg_dividend > 0
)
 as expression


    from "postgres"."public"."fct_dividend_performance"
    

),
validation_errors as (

    select
        *
    from
        grouped_expression
    where
        not(expression = true)

)

select *
from validation_errors








  
  
      
    ) dbt_internal_test
[0m18:50:00.341096 [debug] [Thread-1 (]: Opening a new connection, currently in state closed
[0m18:50:00.355007 [debug] [Thread-1 (]: SQL status: SELECT 1 in 0.014 seconds
[0m18:50:00.356976 [debug] [Thread-1 (]: On test.dbt_dividend.dbt_expectations_expect_column_values_to_be_between_fct_dividend_performance_avg_dividend__0__True.d0550a099b: ROLLBACK
[0m18:50:00.357837 [debug] [Thread-1 (]: On test.dbt_dividend.dbt_expectations_expect_column_values_to_be_between_fct_dividend_performance_avg_dividend__0__True.d0550a099b: Close
[0m18:50:00.358804 [info ] [Thread-1 (]: 3 of 28 PASS dbt_expectations_expect_column_values_to_be_between_fct_dividend_performance_avg_dividend__0__True  [[32mPASS[0m in 0.03s]
[0m18:50:00.359574 [debug] [Thread-1 (]: Finished running node test.dbt_dividend.dbt_expectations_expect_column_values_to_be_between_fct_dividend_performance_avg_dividend__0__True.d0550a099b
[0m18:50:00.360110 [debug] [Thread-1 (]: Began running node test.dbt_dividend.dbt_expectations_expect_column_values_to_be_between_fct_dividend_performance_favorable_pct__100__0.b8cab14cef
[0m18:50:00.360596 [info ] [Thread-1 (]: 4 of 28 START test dbt_expectations_expect_column_values_to_be_between_fct_dividend_performance_favorable_pct__100__0  [RUN]
[0m18:50:00.361275 [debug] [Thread-1 (]: Re-using an available connection from the pool (formerly test.dbt_dividend.dbt_expectations_expect_column_values_to_be_between_fct_dividend_performance_avg_dividend__0__True.d0550a099b, now test.dbt_dividend.dbt_expectations_expect_column_values_to_be_between_fct_dividend_performance_favorable_pct__100__0.b8cab14cef)
[0m18:50:00.361764 [debug] [Thread-1 (]: Began compiling node test.dbt_dividend.dbt_expectations_expect_column_values_to_be_between_fct_dividend_performance_favorable_pct__100__0.b8cab14cef
[0m18:50:00.370278 [debug] [Thread-1 (]: Writing injected SQL for node "test.dbt_dividend.dbt_expectations_expect_column_values_to_be_between_fct_dividend_performance_favorable_pct__100__0.b8cab14cef"
[0m18:50:00.371202 [debug] [Thread-1 (]: Began executing node test.dbt_dividend.dbt_expectations_expect_column_values_to_be_between_fct_dividend_performance_favorable_pct__100__0.b8cab14cef
[0m18:50:00.373491 [debug] [Thread-1 (]: Writing runtime sql for node "test.dbt_dividend.dbt_expectations_expect_column_values_to_be_between_fct_dividend_performance_favorable_pct__100__0.b8cab14cef"
[0m18:50:00.374271 [debug] [Thread-1 (]: Using postgres connection "test.dbt_dividend.dbt_expectations_expect_column_values_to_be_between_fct_dividend_performance_favorable_pct__100__0.b8cab14cef"
[0m18:50:00.374831 [debug] [Thread-1 (]: On test.dbt_dividend.dbt_expectations_expect_column_values_to_be_between_fct_dividend_performance_favorable_pct__100__0.b8cab14cef: /* {"app": "dbt", "dbt_version": "1.12.0", "profile_name": "dbt_dividend", "target_name": "dev", "node_id": "test.dbt_dividend.dbt_expectations_expect_column_values_to_be_between_fct_dividend_performance_favorable_pct__100__0.b8cab14cef"} */

    
    select
      count(*) as failures,
      count(*) != 0 as should_warn,
      count(*) != 0 as should_error
    from (
      
    
  






    with grouped_expression as (
    select
        
        
    
  
( 1=1 and favorable_pct >= 0 and favorable_pct <= 100
)
 as expression


    from "postgres"."public"."fct_dividend_performance"
    

),
validation_errors as (

    select
        *
    from
        grouped_expression
    where
        not(expression = true)

)

select *
from validation_errors








  
  
      
    ) dbt_internal_test
[0m18:50:00.375365 [debug] [Thread-1 (]: Opening a new connection, currently in state closed
[0m18:50:00.390356 [debug] [Thread-1 (]: SQL status: SELECT 1 in 0.015 seconds
[0m18:50:00.392689 [debug] [Thread-1 (]: On test.dbt_dividend.dbt_expectations_expect_column_values_to_be_between_fct_dividend_performance_favorable_pct__100__0.b8cab14cef: ROLLBACK
[0m18:50:00.393838 [debug] [Thread-1 (]: On test.dbt_dividend.dbt_expectations_expect_column_values_to_be_between_fct_dividend_performance_favorable_pct__100__0.b8cab14cef: Close
[0m18:50:00.395649 [info ] [Thread-1 (]: 4 of 28 PASS dbt_expectations_expect_column_values_to_be_between_fct_dividend_performance_favorable_pct__100__0  [[32mPASS[0m in 0.03s]
[0m18:50:00.397157 [debug] [Thread-1 (]: Finished running node test.dbt_dividend.dbt_expectations_expect_column_values_to_be_between_fct_dividend_performance_favorable_pct__100__0.b8cab14cef
[0m18:50:00.398252 [debug] [Thread-1 (]: Began running node test.dbt_dividend.dbt_expectations_expect_column_values_to_be_between_fct_dividend_performance_total_events__1.a0010ffdff
[0m18:50:00.399326 [info ] [Thread-1 (]: 5 of 28 START test dbt_expectations_expect_column_values_to_be_between_fct_dividend_performance_total_events__1  [RUN]
[0m18:50:00.400499 [debug] [Thread-1 (]: Re-using an available connection from the pool (formerly test.dbt_dividend.dbt_expectations_expect_column_values_to_be_between_fct_dividend_performance_favorable_pct__100__0.b8cab14cef, now test.dbt_dividend.dbt_expectations_expect_column_values_to_be_between_fct_dividend_performance_total_events__1.a0010ffdff)
[0m18:50:00.401587 [debug] [Thread-1 (]: Began compiling node test.dbt_dividend.dbt_expectations_expect_column_values_to_be_between_fct_dividend_performance_total_events__1.a0010ffdff
[0m18:50:00.410715 [debug] [Thread-1 (]: Writing injected SQL for node "test.dbt_dividend.dbt_expectations_expect_column_values_to_be_between_fct_dividend_performance_total_events__1.a0010ffdff"
[0m18:50:00.411824 [debug] [Thread-1 (]: Began executing node test.dbt_dividend.dbt_expectations_expect_column_values_to_be_between_fct_dividend_performance_total_events__1.a0010ffdff
[0m18:50:00.414167 [debug] [Thread-1 (]: Writing runtime sql for node "test.dbt_dividend.dbt_expectations_expect_column_values_to_be_between_fct_dividend_performance_total_events__1.a0010ffdff"
[0m18:50:00.415120 [debug] [Thread-1 (]: Using postgres connection "test.dbt_dividend.dbt_expectations_expect_column_values_to_be_between_fct_dividend_performance_total_events__1.a0010ffdff"
[0m18:50:00.415711 [debug] [Thread-1 (]: On test.dbt_dividend.dbt_expectations_expect_column_values_to_be_between_fct_dividend_performance_total_events__1.a0010ffdff: /* {"app": "dbt", "dbt_version": "1.12.0", "profile_name": "dbt_dividend", "target_name": "dev", "node_id": "test.dbt_dividend.dbt_expectations_expect_column_values_to_be_between_fct_dividend_performance_total_events__1.a0010ffdff"} */

    
    select
      count(*) as failures,
      count(*) != 0 as should_warn,
      count(*) != 0 as should_error
    from (
      
    
  






    with grouped_expression as (
    select
        
        
    
  
( 1=1 and total_events >= 1
)
 as expression


    from "postgres"."public"."fct_dividend_performance"
    

),
validation_errors as (

    select
        *
    from
        grouped_expression
    where
        not(expression = true)

)

select *
from validation_errors








  
  
      
    ) dbt_internal_test
[0m18:50:00.416199 [debug] [Thread-1 (]: Opening a new connection, currently in state closed
[0m18:50:00.430745 [debug] [Thread-1 (]: SQL status: SELECT 1 in 0.014 seconds
[0m18:50:00.432983 [debug] [Thread-1 (]: On test.dbt_dividend.dbt_expectations_expect_column_values_to_be_between_fct_dividend_performance_total_events__1.a0010ffdff: ROLLBACK
[0m18:50:00.434019 [debug] [Thread-1 (]: On test.dbt_dividend.dbt_expectations_expect_column_values_to_be_between_fct_dividend_performance_total_events__1.a0010ffdff: Close
[0m18:50:00.435153 [info ] [Thread-1 (]: 5 of 28 PASS dbt_expectations_expect_column_values_to_be_between_fct_dividend_performance_total_events__1  [[32mPASS[0m in 0.03s]
[0m18:50:00.435950 [debug] [Thread-1 (]: Finished running node test.dbt_dividend.dbt_expectations_expect_column_values_to_be_between_fct_dividend_performance_total_events__1.a0010ffdff
[0m18:50:00.436494 [debug] [Thread-1 (]: Began running node test.dbt_dividend.dbt_expectations_expect_column_values_to_be_between_stg_dividend_events_dividend_amount__0__True.ba4196f4d1
[0m18:50:00.436985 [info ] [Thread-1 (]: 6 of 28 START test dbt_expectations_expect_column_values_to_be_between_stg_dividend_events_dividend_amount__0__True  [RUN]
[0m18:50:00.437605 [debug] [Thread-1 (]: Re-using an available connection from the pool (formerly test.dbt_dividend.dbt_expectations_expect_column_values_to_be_between_fct_dividend_performance_total_events__1.a0010ffdff, now test.dbt_dividend.dbt_expectations_expect_column_values_to_be_between_stg_dividend_events_dividend_amount__0__True.ba4196f4d1)
[0m18:50:00.438091 [debug] [Thread-1 (]: Began compiling node test.dbt_dividend.dbt_expectations_expect_column_values_to_be_between_stg_dividend_events_dividend_amount__0__True.ba4196f4d1
[0m18:50:00.447391 [debug] [Thread-1 (]: Writing injected SQL for node "test.dbt_dividend.dbt_expectations_expect_column_values_to_be_between_stg_dividend_events_dividend_amount__0__True.ba4196f4d1"
[0m18:50:00.448451 [debug] [Thread-1 (]: Began executing node test.dbt_dividend.dbt_expectations_expect_column_values_to_be_between_stg_dividend_events_dividend_amount__0__True.ba4196f4d1
[0m18:50:00.450898 [debug] [Thread-1 (]: Writing runtime sql for node "test.dbt_dividend.dbt_expectations_expect_column_values_to_be_between_stg_dividend_events_dividend_amount__0__True.ba4196f4d1"
[0m18:50:00.451879 [debug] [Thread-1 (]: Using postgres connection "test.dbt_dividend.dbt_expectations_expect_column_values_to_be_between_stg_dividend_events_dividend_amount__0__True.ba4196f4d1"
[0m18:50:00.452452 [debug] [Thread-1 (]: On test.dbt_dividend.dbt_expectations_expect_column_values_to_be_between_stg_dividend_events_dividend_amount__0__True.ba4196f4d1: /* {"app": "dbt", "dbt_version": "1.12.0", "profile_name": "dbt_dividend", "target_name": "dev", "node_id": "test.dbt_dividend.dbt_expectations_expect_column_values_to_be_between_stg_dividend_events_dividend_amount__0__True.ba4196f4d1"} */

    
    select
      count(*) as failures,
      count(*) != 0 as should_warn,
      count(*) != 0 as should_error
    from (
      
    
  






    with grouped_expression as (
    select
        
        
    
  
( 1=1 and dividend_amount > 0
)
 as expression


    from "postgres"."public"."stg_dividend_events"
    

),
validation_errors as (

    select
        *
    from
        grouped_expression
    where
        not(expression = true)

)

select *
from validation_errors








  
  
      
    ) dbt_internal_test
[0m18:50:00.452972 [debug] [Thread-1 (]: Opening a new connection, currently in state closed
[0m18:50:00.469882 [debug] [Thread-1 (]: SQL status: SELECT 1 in 0.017 seconds
[0m18:50:00.471930 [debug] [Thread-1 (]: On test.dbt_dividend.dbt_expectations_expect_column_values_to_be_between_stg_dividend_events_dividend_amount__0__True.ba4196f4d1: ROLLBACK
[0m18:50:00.472894 [debug] [Thread-1 (]: On test.dbt_dividend.dbt_expectations_expect_column_values_to_be_between_stg_dividend_events_dividend_amount__0__True.ba4196f4d1: Close
[0m18:50:00.473958 [info ] [Thread-1 (]: 6 of 28 PASS dbt_expectations_expect_column_values_to_be_between_stg_dividend_events_dividend_amount__0__True  [[32mPASS[0m in 0.04s]
[0m18:50:00.474759 [debug] [Thread-1 (]: Finished running node test.dbt_dividend.dbt_expectations_expect_column_values_to_be_between_stg_dividend_events_dividend_amount__0__True.ba4196f4d1
[0m18:50:00.475294 [debug] [Thread-1 (]: Began running node test.dbt_dividend.dbt_expectations_expect_column_values_to_be_between_stg_dividend_events_price_drop__500___500.fe3301004f
[0m18:50:00.475763 [info ] [Thread-1 (]: 7 of 28 START test dbt_expectations_expect_column_values_to_be_between_stg_dividend_events_price_drop__500___500  [RUN]
[0m18:50:00.476328 [debug] [Thread-1 (]: Re-using an available connection from the pool (formerly test.dbt_dividend.dbt_expectations_expect_column_values_to_be_between_stg_dividend_events_dividend_amount__0__True.ba4196f4d1, now test.dbt_dividend.dbt_expectations_expect_column_values_to_be_between_stg_dividend_events_price_drop__500___500.fe3301004f)
[0m18:50:00.476833 [debug] [Thread-1 (]: Began compiling node test.dbt_dividend.dbt_expectations_expect_column_values_to_be_between_stg_dividend_events_price_drop__500___500.fe3301004f
[0m18:50:00.485026 [debug] [Thread-1 (]: Writing injected SQL for node "test.dbt_dividend.dbt_expectations_expect_column_values_to_be_between_stg_dividend_events_price_drop__500___500.fe3301004f"
[0m18:50:00.485950 [debug] [Thread-1 (]: Began executing node test.dbt_dividend.dbt_expectations_expect_column_values_to_be_between_stg_dividend_events_price_drop__500___500.fe3301004f
[0m18:50:00.488241 [debug] [Thread-1 (]: Writing runtime sql for node "test.dbt_dividend.dbt_expectations_expect_column_values_to_be_between_stg_dividend_events_price_drop__500___500.fe3301004f"
[0m18:50:00.489095 [debug] [Thread-1 (]: Using postgres connection "test.dbt_dividend.dbt_expectations_expect_column_values_to_be_between_stg_dividend_events_price_drop__500___500.fe3301004f"
[0m18:50:00.489680 [debug] [Thread-1 (]: On test.dbt_dividend.dbt_expectations_expect_column_values_to_be_between_stg_dividend_events_price_drop__500___500.fe3301004f: /* {"app": "dbt", "dbt_version": "1.12.0", "profile_name": "dbt_dividend", "target_name": "dev", "node_id": "test.dbt_dividend.dbt_expectations_expect_column_values_to_be_between_stg_dividend_events_price_drop__500___500.fe3301004f"} */

    
    select
      count(*) as failures,
      count(*) != 0 as should_warn,
      count(*) != 0 as should_error
    from (
      
    
  






    with grouped_expression as (
    select
        
        
    
  
( 1=1 and price_drop >= -500 and price_drop <= 500
)
 as expression


    from "postgres"."public"."stg_dividend_events"
    

),
validation_errors as (

    select
        *
    from
        grouped_expression
    where
        not(expression = true)

)

select *
from validation_errors








  
  
      
    ) dbt_internal_test
[0m18:50:00.490156 [debug] [Thread-1 (]: Opening a new connection, currently in state closed
[0m18:50:00.507204 [debug] [Thread-1 (]: SQL status: SELECT 1 in 0.017 seconds
[0m18:50:00.509135 [debug] [Thread-1 (]: On test.dbt_dividend.dbt_expectations_expect_column_values_to_be_between_stg_dividend_events_price_drop__500___500.fe3301004f: ROLLBACK
[0m18:50:00.510204 [debug] [Thread-1 (]: On test.dbt_dividend.dbt_expectations_expect_column_values_to_be_between_stg_dividend_events_price_drop__500___500.fe3301004f: Close
[0m18:50:00.511377 [info ] [Thread-1 (]: 7 of 28 PASS dbt_expectations_expect_column_values_to_be_between_stg_dividend_events_price_drop__500___500  [[32mPASS[0m in 0.03s]
[0m18:50:00.512178 [debug] [Thread-1 (]: Finished running node test.dbt_dividend.dbt_expectations_expect_column_values_to_be_between_stg_dividend_events_price_drop__500___500.fe3301004f
[0m18:50:00.512726 [debug] [Thread-1 (]: Began running node test.dbt_dividend.dbt_expectations_source_expect_column_values_to_be_between_dividend_db_dividend_events_dividend_amount__0__True.376d101d52
[0m18:50:00.513311 [info ] [Thread-1 (]: 8 of 28 START test dbt_expectations_source_expect_column_values_to_be_between_dividend_db_dividend_events_dividend_amount__0__True  [RUN]
[0m18:50:00.513920 [debug] [Thread-1 (]: Re-using an available connection from the pool (formerly test.dbt_dividend.dbt_expectations_expect_column_values_to_be_between_stg_dividend_events_price_drop__500___500.fe3301004f, now test.dbt_dividend.dbt_expectations_source_expect_column_values_to_be_between_dividend_db_dividend_events_dividend_amount__0__True.376d101d52)
[0m18:50:00.514420 [debug] [Thread-1 (]: Began compiling node test.dbt_dividend.dbt_expectations_source_expect_column_values_to_be_between_dividend_db_dividend_events_dividend_amount__0__True.376d101d52
[0m18:50:00.522943 [debug] [Thread-1 (]: Writing injected SQL for node "test.dbt_dividend.dbt_expectations_source_expect_column_values_to_be_between_dividend_db_dividend_events_dividend_amount__0__True.376d101d52"
[0m18:50:00.523755 [debug] [Thread-1 (]: Began executing node test.dbt_dividend.dbt_expectations_source_expect_column_values_to_be_between_dividend_db_dividend_events_dividend_amount__0__True.376d101d52
[0m18:50:00.526035 [debug] [Thread-1 (]: Writing runtime sql for node "test.dbt_dividend.dbt_expectations_source_expect_column_values_to_be_between_dividend_db_dividend_events_dividend_amount__0__True.376d101d52"
[0m18:50:00.526907 [debug] [Thread-1 (]: Using postgres connection "test.dbt_dividend.dbt_expectations_source_expect_column_values_to_be_between_dividend_db_dividend_events_dividend_amount__0__True.376d101d52"
[0m18:50:00.527502 [debug] [Thread-1 (]: On test.dbt_dividend.dbt_expectations_source_expect_column_values_to_be_between_dividend_db_dividend_events_dividend_amount__0__True.376d101d52: /* {"app": "dbt", "dbt_version": "1.12.0", "profile_name": "dbt_dividend", "target_name": "dev", "node_id": "test.dbt_dividend.dbt_expectations_source_expect_column_values_to_be_between_dividend_db_dividend_events_dividend_amount__0__True.376d101d52"} */

    
    select
      count(*) as failures,
      count(*) != 0 as should_warn,
      count(*) != 0 as should_error
    from (
      
    
  






    with grouped_expression as (
    select
        
        
    
  
( 1=1 and dividend_amount > 0
)
 as expression


    from "postgres"."public"."dividend_events"
    

),
validation_errors as (

    select
        *
    from
        grouped_expression
    where
        not(expression = true)

)

select *
from validation_errors








  
  
      
    ) dbt_internal_test
[0m18:50:00.528006 [debug] [Thread-1 (]: Opening a new connection, currently in state closed
[0m18:50:00.547990 [debug] [Thread-1 (]: SQL status: SELECT 1 in 0.020 seconds
[0m18:50:00.549970 [debug] [Thread-1 (]: On test.dbt_dividend.dbt_expectations_source_expect_column_values_to_be_between_dividend_db_dividend_events_dividend_amount__0__True.376d101d52: ROLLBACK
[0m18:50:00.550924 [debug] [Thread-1 (]: On test.dbt_dividend.dbt_expectations_source_expect_column_values_to_be_between_dividend_db_dividend_events_dividend_amount__0__True.376d101d52: Close
[0m18:50:00.552006 [info ] [Thread-1 (]: 8 of 28 PASS dbt_expectations_source_expect_column_values_to_be_between_dividend_db_dividend_events_dividend_amount__0__True  [[32mPASS[0m in 0.04s]
[0m18:50:00.552760 [debug] [Thread-1 (]: Finished running node test.dbt_dividend.dbt_expectations_source_expect_column_values_to_be_between_dividend_db_dividend_events_dividend_amount__0__True.376d101d52
[0m18:50:00.553288 [debug] [Thread-1 (]: Began running node test.dbt_dividend.not_null_best_dividend_tickers_favorable_pct.986b2eaa7d
[0m18:50:00.553773 [info ] [Thread-1 (]: 9 of 28 START test not_null_best_dividend_tickers_favorable_pct ................ [RUN]
[0m18:50:00.554616 [debug] [Thread-1 (]: Re-using an available connection from the pool (formerly test.dbt_dividend.dbt_expectations_source_expect_column_values_to_be_between_dividend_db_dividend_events_dividend_amount__0__True.376d101d52, now test.dbt_dividend.not_null_best_dividend_tickers_favorable_pct.986b2eaa7d)
[0m18:50:00.555176 [debug] [Thread-1 (]: Began compiling node test.dbt_dividend.not_null_best_dividend_tickers_favorable_pct.986b2eaa7d
[0m18:50:00.565361 [debug] [Thread-1 (]: Writing injected SQL for node "test.dbt_dividend.not_null_best_dividend_tickers_favorable_pct.986b2eaa7d"
[0m18:50:00.566197 [debug] [Thread-1 (]: Began executing node test.dbt_dividend.not_null_best_dividend_tickers_favorable_pct.986b2eaa7d
[0m18:50:00.568415 [debug] [Thread-1 (]: Writing runtime sql for node "test.dbt_dividend.not_null_best_dividend_tickers_favorable_pct.986b2eaa7d"
[0m18:50:00.569241 [debug] [Thread-1 (]: Using postgres connection "test.dbt_dividend.not_null_best_dividend_tickers_favorable_pct.986b2eaa7d"
[0m18:50:00.569785 [debug] [Thread-1 (]: On test.dbt_dividend.not_null_best_dividend_tickers_favorable_pct.986b2eaa7d: /* {"app": "dbt", "dbt_version": "1.12.0", "profile_name": "dbt_dividend", "target_name": "dev", "node_id": "test.dbt_dividend.not_null_best_dividend_tickers_favorable_pct.986b2eaa7d"} */

    
    select
      count(*) as failures,
      count(*) != 0 as should_warn,
      count(*) != 0 as should_error
    from (
      
    
  
    
    



select favorable_pct
from "postgres"."public"."best_dividend_tickers"
where favorable_pct is null



  
  
      
    ) dbt_internal_test
[0m18:50:00.570235 [debug] [Thread-1 (]: Opening a new connection, currently in state closed
[0m18:50:00.585392 [debug] [Thread-1 (]: SQL status: SELECT 1 in 0.015 seconds
[0m18:50:00.588584 [debug] [Thread-1 (]: On test.dbt_dividend.not_null_best_dividend_tickers_favorable_pct.986b2eaa7d: ROLLBACK
[0m18:50:00.589851 [debug] [Thread-1 (]: On test.dbt_dividend.not_null_best_dividend_tickers_favorable_pct.986b2eaa7d: Close
[0m18:50:00.591567 [info ] [Thread-1 (]: 9 of 28 PASS not_null_best_dividend_tickers_favorable_pct ...................... [[32mPASS[0m in 0.04s]
[0m18:50:00.592576 [debug] [Thread-1 (]: Finished running node test.dbt_dividend.not_null_best_dividend_tickers_favorable_pct.986b2eaa7d
[0m18:50:00.593235 [debug] [Thread-1 (]: Began running node test.dbt_dividend.not_null_best_dividend_tickers_ticker.040363ba03
[0m18:50:00.593824 [info ] [Thread-1 (]: 10 of 28 START test not_null_best_dividend_tickers_ticker ...................... [RUN]
[0m18:50:00.594559 [debug] [Thread-1 (]: Re-using an available connection from the pool (formerly test.dbt_dividend.not_null_best_dividend_tickers_favorable_pct.986b2eaa7d, now test.dbt_dividend.not_null_best_dividend_tickers_ticker.040363ba03)
[0m18:50:00.595160 [debug] [Thread-1 (]: Began compiling node test.dbt_dividend.not_null_best_dividend_tickers_ticker.040363ba03
[0m18:50:00.604329 [debug] [Thread-1 (]: Writing injected SQL for node "test.dbt_dividend.not_null_best_dividend_tickers_ticker.040363ba03"
[0m18:50:00.605304 [debug] [Thread-1 (]: Began executing node test.dbt_dividend.not_null_best_dividend_tickers_ticker.040363ba03
[0m18:50:00.607582 [debug] [Thread-1 (]: Writing runtime sql for node "test.dbt_dividend.not_null_best_dividend_tickers_ticker.040363ba03"
[0m18:50:00.608469 [debug] [Thread-1 (]: Using postgres connection "test.dbt_dividend.not_null_best_dividend_tickers_ticker.040363ba03"
[0m18:50:00.609121 [debug] [Thread-1 (]: On test.dbt_dividend.not_null_best_dividend_tickers_ticker.040363ba03: /* {"app": "dbt", "dbt_version": "1.12.0", "profile_name": "dbt_dividend", "target_name": "dev", "node_id": "test.dbt_dividend.not_null_best_dividend_tickers_ticker.040363ba03"} */

    
    select
      count(*) as failures,
      count(*) != 0 as should_warn,
      count(*) != 0 as should_error
    from (
      
    
  
    
    



select ticker
from "postgres"."public"."best_dividend_tickers"
where ticker is null



  
  
      
    ) dbt_internal_test
[0m18:50:00.609631 [debug] [Thread-1 (]: Opening a new connection, currently in state closed
[0m18:50:00.629648 [debug] [Thread-1 (]: SQL status: SELECT 1 in 0.020 seconds
[0m18:50:00.631795 [debug] [Thread-1 (]: On test.dbt_dividend.not_null_best_dividend_tickers_ticker.040363ba03: ROLLBACK
[0m18:50:00.632990 [debug] [Thread-1 (]: On test.dbt_dividend.not_null_best_dividend_tickers_ticker.040363ba03: Close
[0m18:50:00.634060 [info ] [Thread-1 (]: 10 of 28 PASS not_null_best_dividend_tickers_ticker ............................ [[32mPASS[0m in 0.04s]
[0m18:50:00.634818 [debug] [Thread-1 (]: Finished running node test.dbt_dividend.not_null_best_dividend_tickers_ticker.040363ba03
[0m18:50:00.635357 [debug] [Thread-1 (]: Began running node test.dbt_dividend.not_null_dividend_history_dividend_amount.2013457957
[0m18:50:00.635853 [info ] [Thread-1 (]: 11 of 28 START test not_null_dividend_history_dividend_amount .................. [RUN]
[0m18:50:00.636445 [debug] [Thread-1 (]: Re-using an available connection from the pool (formerly test.dbt_dividend.not_null_best_dividend_tickers_ticker.040363ba03, now test.dbt_dividend.not_null_dividend_history_dividend_amount.2013457957)
[0m18:50:00.636932 [debug] [Thread-1 (]: Began compiling node test.dbt_dividend.not_null_dividend_history_dividend_amount.2013457957
[0m18:50:00.644946 [debug] [Thread-1 (]: Writing injected SQL for node "test.dbt_dividend.not_null_dividend_history_dividend_amount.2013457957"
[0m18:50:00.646111 [debug] [Thread-1 (]: Began executing node test.dbt_dividend.not_null_dividend_history_dividend_amount.2013457957
[0m18:50:00.648528 [debug] [Thread-1 (]: Writing runtime sql for node "test.dbt_dividend.not_null_dividend_history_dividend_amount.2013457957"
[0m18:50:00.649522 [debug] [Thread-1 (]: Using postgres connection "test.dbt_dividend.not_null_dividend_history_dividend_amount.2013457957"
[0m18:50:00.650129 [debug] [Thread-1 (]: On test.dbt_dividend.not_null_dividend_history_dividend_amount.2013457957: /* {"app": "dbt", "dbt_version": "1.12.0", "profile_name": "dbt_dividend", "target_name": "dev", "node_id": "test.dbt_dividend.not_null_dividend_history_dividend_amount.2013457957"} */

    
    select
      count(*) as failures,
      count(*) != 0 as should_warn,
      count(*) != 0 as should_error
    from (
      
    
  
    
    



select dividend_amount
from "postgres"."public"."dividend_history"
where dividend_amount is null



  
  
      
    ) dbt_internal_test
[0m18:50:00.650624 [debug] [Thread-1 (]: Opening a new connection, currently in state closed
[0m18:50:00.665713 [debug] [Thread-1 (]: SQL status: SELECT 1 in 0.015 seconds
[0m18:50:00.667846 [debug] [Thread-1 (]: On test.dbt_dividend.not_null_dividend_history_dividend_amount.2013457957: ROLLBACK
[0m18:50:00.668844 [debug] [Thread-1 (]: On test.dbt_dividend.not_null_dividend_history_dividend_amount.2013457957: Close
[0m18:50:00.669972 [info ] [Thread-1 (]: 11 of 28 PASS not_null_dividend_history_dividend_amount ........................ [[32mPASS[0m in 0.03s]
[0m18:50:00.670728 [debug] [Thread-1 (]: Finished running node test.dbt_dividend.not_null_dividend_history_dividend_amount.2013457957
[0m18:50:00.671275 [debug] [Thread-1 (]: Began running node test.dbt_dividend.not_null_dividend_history_ex_date.de91cddc0f
[0m18:50:00.671790 [info ] [Thread-1 (]: 12 of 28 START test not_null_dividend_history_ex_date .......................... [RUN]
[0m18:50:00.672639 [debug] [Thread-1 (]: Re-using an available connection from the pool (formerly test.dbt_dividend.not_null_dividend_history_dividend_amount.2013457957, now test.dbt_dividend.not_null_dividend_history_ex_date.de91cddc0f)
[0m18:50:00.673260 [debug] [Thread-1 (]: Began compiling node test.dbt_dividend.not_null_dividend_history_ex_date.de91cddc0f
[0m18:50:00.681161 [debug] [Thread-1 (]: Writing injected SQL for node "test.dbt_dividend.not_null_dividend_history_ex_date.de91cddc0f"
[0m18:50:00.682076 [debug] [Thread-1 (]: Began executing node test.dbt_dividend.not_null_dividend_history_ex_date.de91cddc0f
[0m18:50:00.684434 [debug] [Thread-1 (]: Writing runtime sql for node "test.dbt_dividend.not_null_dividend_history_ex_date.de91cddc0f"
[0m18:50:00.685439 [debug] [Thread-1 (]: Using postgres connection "test.dbt_dividend.not_null_dividend_history_ex_date.de91cddc0f"
[0m18:50:00.686005 [debug] [Thread-1 (]: On test.dbt_dividend.not_null_dividend_history_ex_date.de91cddc0f: /* {"app": "dbt", "dbt_version": "1.12.0", "profile_name": "dbt_dividend", "target_name": "dev", "node_id": "test.dbt_dividend.not_null_dividend_history_ex_date.de91cddc0f"} */

    
    select
      count(*) as failures,
      count(*) != 0 as should_warn,
      count(*) != 0 as should_error
    from (
      
    
  
    
    



select ex_date
from "postgres"."public"."dividend_history"
where ex_date is null



  
  
      
    ) dbt_internal_test
[0m18:50:00.686496 [debug] [Thread-1 (]: Opening a new connection, currently in state closed
[0m18:50:00.700733 [debug] [Thread-1 (]: SQL status: SELECT 1 in 0.014 seconds
[0m18:50:00.702709 [debug] [Thread-1 (]: On test.dbt_dividend.not_null_dividend_history_ex_date.de91cddc0f: ROLLBACK
[0m18:50:00.703575 [debug] [Thread-1 (]: On test.dbt_dividend.not_null_dividend_history_ex_date.de91cddc0f: Close
[0m18:50:00.704722 [info ] [Thread-1 (]: 12 of 28 PASS not_null_dividend_history_ex_date ................................ [[32mPASS[0m in 0.03s]
[0m18:50:00.705580 [debug] [Thread-1 (]: Finished running node test.dbt_dividend.not_null_dividend_history_ex_date.de91cddc0f
[0m18:50:00.706170 [debug] [Thread-1 (]: Began running node test.dbt_dividend.not_null_dividend_history_ticker.5af7ca79e7
[0m18:50:00.706708 [info ] [Thread-1 (]: 13 of 28 START test not_null_dividend_history_ticker ........................... [RUN]
[0m18:50:00.707416 [debug] [Thread-1 (]: Re-using an available connection from the pool (formerly test.dbt_dividend.not_null_dividend_history_ex_date.de91cddc0f, now test.dbt_dividend.not_null_dividend_history_ticker.5af7ca79e7)
[0m18:50:00.707948 [debug] [Thread-1 (]: Began compiling node test.dbt_dividend.not_null_dividend_history_ticker.5af7ca79e7
[0m18:50:00.715312 [debug] [Thread-1 (]: Writing injected SQL for node "test.dbt_dividend.not_null_dividend_history_ticker.5af7ca79e7"
[0m18:50:00.716172 [debug] [Thread-1 (]: Began executing node test.dbt_dividend.not_null_dividend_history_ticker.5af7ca79e7
[0m18:50:00.718490 [debug] [Thread-1 (]: Writing runtime sql for node "test.dbt_dividend.not_null_dividend_history_ticker.5af7ca79e7"
[0m18:50:00.719360 [debug] [Thread-1 (]: Using postgres connection "test.dbt_dividend.not_null_dividend_history_ticker.5af7ca79e7"
[0m18:50:00.719873 [debug] [Thread-1 (]: On test.dbt_dividend.not_null_dividend_history_ticker.5af7ca79e7: /* {"app": "dbt", "dbt_version": "1.12.0", "profile_name": "dbt_dividend", "target_name": "dev", "node_id": "test.dbt_dividend.not_null_dividend_history_ticker.5af7ca79e7"} */

    
    select
      count(*) as failures,
      count(*) != 0 as should_warn,
      count(*) != 0 as should_error
    from (
      
    
  
    
    



select ticker
from "postgres"."public"."dividend_history"
where ticker is null



  
  
      
    ) dbt_internal_test
[0m18:50:00.720330 [debug] [Thread-1 (]: Opening a new connection, currently in state closed
[0m18:50:00.736296 [debug] [Thread-1 (]: SQL status: SELECT 1 in 0.016 seconds
[0m18:50:00.738331 [debug] [Thread-1 (]: On test.dbt_dividend.not_null_dividend_history_ticker.5af7ca79e7: ROLLBACK
[0m18:50:00.739389 [debug] [Thread-1 (]: On test.dbt_dividend.not_null_dividend_history_ticker.5af7ca79e7: Close
[0m18:50:00.740444 [info ] [Thread-1 (]: 13 of 28 PASS not_null_dividend_history_ticker ................................. [[32mPASS[0m in 0.03s]
[0m18:50:00.741201 [debug] [Thread-1 (]: Finished running node test.dbt_dividend.not_null_dividend_history_ticker.5af7ca79e7
[0m18:50:00.741726 [debug] [Thread-1 (]: Began running node test.dbt_dividend.not_null_fct_dividend_performance_favorable_pct.10559c075c
[0m18:50:00.742202 [info ] [Thread-1 (]: 14 of 28 START test not_null_fct_dividend_performance_favorable_pct ............ [RUN]
[0m18:50:00.742780 [debug] [Thread-1 (]: Re-using an available connection from the pool (formerly test.dbt_dividend.not_null_dividend_history_ticker.5af7ca79e7, now test.dbt_dividend.not_null_fct_dividend_performance_favorable_pct.10559c075c)
[0m18:50:00.743280 [debug] [Thread-1 (]: Began compiling node test.dbt_dividend.not_null_fct_dividend_performance_favorable_pct.10559c075c
[0m18:50:00.751447 [debug] [Thread-1 (]: Writing injected SQL for node "test.dbt_dividend.not_null_fct_dividend_performance_favorable_pct.10559c075c"
[0m18:50:00.752351 [debug] [Thread-1 (]: Began executing node test.dbt_dividend.not_null_fct_dividend_performance_favorable_pct.10559c075c
[0m18:50:00.754673 [debug] [Thread-1 (]: Writing runtime sql for node "test.dbt_dividend.not_null_fct_dividend_performance_favorable_pct.10559c075c"
[0m18:50:00.755518 [debug] [Thread-1 (]: Using postgres connection "test.dbt_dividend.not_null_fct_dividend_performance_favorable_pct.10559c075c"
[0m18:50:00.756059 [debug] [Thread-1 (]: On test.dbt_dividend.not_null_fct_dividend_performance_favorable_pct.10559c075c: /* {"app": "dbt", "dbt_version": "1.12.0", "profile_name": "dbt_dividend", "target_name": "dev", "node_id": "test.dbt_dividend.not_null_fct_dividend_performance_favorable_pct.10559c075c"} */

    
    select
      count(*) as failures,
      count(*) != 0 as should_warn,
      count(*) != 0 as should_error
    from (
      
    
  
    
    



select favorable_pct
from "postgres"."public"."fct_dividend_performance"
where favorable_pct is null



  
  
      
    ) dbt_internal_test
[0m18:50:00.756543 [debug] [Thread-1 (]: Opening a new connection, currently in state closed
[0m18:50:00.770569 [debug] [Thread-1 (]: SQL status: SELECT 1 in 0.014 seconds
[0m18:50:00.772604 [debug] [Thread-1 (]: On test.dbt_dividend.not_null_fct_dividend_performance_favorable_pct.10559c075c: ROLLBACK
[0m18:50:00.773573 [debug] [Thread-1 (]: On test.dbt_dividend.not_null_fct_dividend_performance_favorable_pct.10559c075c: Close
[0m18:50:00.774616 [info ] [Thread-1 (]: 14 of 28 PASS not_null_fct_dividend_performance_favorable_pct .................. [[32mPASS[0m in 0.03s]
[0m18:50:00.775414 [debug] [Thread-1 (]: Finished running node test.dbt_dividend.not_null_fct_dividend_performance_favorable_pct.10559c075c
[0m18:50:00.775952 [debug] [Thread-1 (]: Began running node test.dbt_dividend.not_null_fct_dividend_performance_ticker.eda5a429af
[0m18:50:00.776528 [info ] [Thread-1 (]: 15 of 28 START test not_null_fct_dividend_performance_ticker ................... [RUN]
[0m18:50:00.777227 [debug] [Thread-1 (]: Re-using an available connection from the pool (formerly test.dbt_dividend.not_null_fct_dividend_performance_favorable_pct.10559c075c, now test.dbt_dividend.not_null_fct_dividend_performance_ticker.eda5a429af)
[0m18:50:00.777764 [debug] [Thread-1 (]: Began compiling node test.dbt_dividend.not_null_fct_dividend_performance_ticker.eda5a429af
[0m18:50:00.785022 [debug] [Thread-1 (]: Writing injected SQL for node "test.dbt_dividend.not_null_fct_dividend_performance_ticker.eda5a429af"
[0m18:50:00.785871 [debug] [Thread-1 (]: Began executing node test.dbt_dividend.not_null_fct_dividend_performance_ticker.eda5a429af
[0m18:50:00.788108 [debug] [Thread-1 (]: Writing runtime sql for node "test.dbt_dividend.not_null_fct_dividend_performance_ticker.eda5a429af"
[0m18:50:00.788926 [debug] [Thread-1 (]: Using postgres connection "test.dbt_dividend.not_null_fct_dividend_performance_ticker.eda5a429af"
[0m18:50:00.789485 [debug] [Thread-1 (]: On test.dbt_dividend.not_null_fct_dividend_performance_ticker.eda5a429af: /* {"app": "dbt", "dbt_version": "1.12.0", "profile_name": "dbt_dividend", "target_name": "dev", "node_id": "test.dbt_dividend.not_null_fct_dividend_performance_ticker.eda5a429af"} */

    
    select
      count(*) as failures,
      count(*) != 0 as should_warn,
      count(*) != 0 as should_error
    from (
      
    
  
    
    



select ticker
from "postgres"."public"."fct_dividend_performance"
where ticker is null



  
  
      
    ) dbt_internal_test
[0m18:50:00.789996 [debug] [Thread-1 (]: Opening a new connection, currently in state closed
[0m18:50:00.813602 [debug] [Thread-1 (]: SQL status: SELECT 1 in 0.023 seconds
[0m18:50:00.816973 [debug] [Thread-1 (]: On test.dbt_dividend.not_null_fct_dividend_performance_ticker.eda5a429af: ROLLBACK
[0m18:50:00.818282 [debug] [Thread-1 (]: On test.dbt_dividend.not_null_fct_dividend_performance_ticker.eda5a429af: Close
[0m18:50:00.819745 [info ] [Thread-1 (]: 15 of 28 PASS not_null_fct_dividend_performance_ticker ......................... [[32mPASS[0m in 0.04s]
[0m18:50:00.820717 [debug] [Thread-1 (]: Finished running node test.dbt_dividend.not_null_fct_dividend_performance_ticker.eda5a429af
[0m18:50:00.821351 [debug] [Thread-1 (]: Began running node test.dbt_dividend.not_null_fct_dividend_performance_total_events.c33fa3fb37
[0m18:50:00.821930 [info ] [Thread-1 (]: 16 of 28 START test not_null_fct_dividend_performance_total_events ............. [RUN]
[0m18:50:00.822596 [debug] [Thread-1 (]: Re-using an available connection from the pool (formerly test.dbt_dividend.not_null_fct_dividend_performance_ticker.eda5a429af, now test.dbt_dividend.not_null_fct_dividend_performance_total_events.c33fa3fb37)
[0m18:50:00.823086 [debug] [Thread-1 (]: Began compiling node test.dbt_dividend.not_null_fct_dividend_performance_total_events.c33fa3fb37
[0m18:50:00.831213 [debug] [Thread-1 (]: Writing injected SQL for node "test.dbt_dividend.not_null_fct_dividend_performance_total_events.c33fa3fb37"
[0m18:50:00.832093 [debug] [Thread-1 (]: Began executing node test.dbt_dividend.not_null_fct_dividend_performance_total_events.c33fa3fb37
[0m18:50:00.834379 [debug] [Thread-1 (]: Writing runtime sql for node "test.dbt_dividend.not_null_fct_dividend_performance_total_events.c33fa3fb37"
[0m18:50:00.835180 [debug] [Thread-1 (]: Using postgres connection "test.dbt_dividend.not_null_fct_dividend_performance_total_events.c33fa3fb37"
[0m18:50:00.835739 [debug] [Thread-1 (]: On test.dbt_dividend.not_null_fct_dividend_performance_total_events.c33fa3fb37: /* {"app": "dbt", "dbt_version": "1.12.0", "profile_name": "dbt_dividend", "target_name": "dev", "node_id": "test.dbt_dividend.not_null_fct_dividend_performance_total_events.c33fa3fb37"} */

    
    select
      count(*) as failures,
      count(*) != 0 as should_warn,
      count(*) != 0 as should_error
    from (
      
    
  
    
    



select total_events
from "postgres"."public"."fct_dividend_performance"
where total_events is null



  
  
      
    ) dbt_internal_test
[0m18:50:00.836214 [debug] [Thread-1 (]: Opening a new connection, currently in state closed
[0m18:50:00.849961 [debug] [Thread-1 (]: SQL status: SELECT 1 in 0.014 seconds
[0m18:50:00.851951 [debug] [Thread-1 (]: On test.dbt_dividend.not_null_fct_dividend_performance_total_events.c33fa3fb37: ROLLBACK
[0m18:50:00.852907 [debug] [Thread-1 (]: On test.dbt_dividend.not_null_fct_dividend_performance_total_events.c33fa3fb37: Close
[0m18:50:00.853920 [info ] [Thread-1 (]: 16 of 28 PASS not_null_fct_dividend_performance_total_events ................... [[32mPASS[0m in 0.03s]
[0m18:50:00.854660 [debug] [Thread-1 (]: Finished running node test.dbt_dividend.not_null_fct_dividend_performance_total_events.c33fa3fb37
[0m18:50:00.855206 [debug] [Thread-1 (]: Began running node test.dbt_dividend.not_null_stg_dividend_events_dividend_amount.1100a44eff
[0m18:50:00.855786 [info ] [Thread-1 (]: 17 of 28 START test not_null_stg_dividend_events_dividend_amount ............... [RUN]
[0m18:50:00.856395 [debug] [Thread-1 (]: Re-using an available connection from the pool (formerly test.dbt_dividend.not_null_fct_dividend_performance_total_events.c33fa3fb37, now test.dbt_dividend.not_null_stg_dividend_events_dividend_amount.1100a44eff)
[0m18:50:00.856928 [debug] [Thread-1 (]: Began compiling node test.dbt_dividend.not_null_stg_dividend_events_dividend_amount.1100a44eff
[0m18:50:00.864053 [debug] [Thread-1 (]: Writing injected SQL for node "test.dbt_dividend.not_null_stg_dividend_events_dividend_amount.1100a44eff"
[0m18:50:00.865007 [debug] [Thread-1 (]: Began executing node test.dbt_dividend.not_null_stg_dividend_events_dividend_amount.1100a44eff
[0m18:50:00.867470 [debug] [Thread-1 (]: Writing runtime sql for node "test.dbt_dividend.not_null_stg_dividend_events_dividend_amount.1100a44eff"
[0m18:50:00.868381 [debug] [Thread-1 (]: Using postgres connection "test.dbt_dividend.not_null_stg_dividend_events_dividend_amount.1100a44eff"
[0m18:50:00.868997 [debug] [Thread-1 (]: On test.dbt_dividend.not_null_stg_dividend_events_dividend_amount.1100a44eff: /* {"app": "dbt", "dbt_version": "1.12.0", "profile_name": "dbt_dividend", "target_name": "dev", "node_id": "test.dbt_dividend.not_null_stg_dividend_events_dividend_amount.1100a44eff"} */

    
    select
      count(*) as failures,
      count(*) != 0 as should_warn,
      count(*) != 0 as should_error
    from (
      
    
  
    
    



select dividend_amount
from "postgres"."public"."stg_dividend_events"
where dividend_amount is null



  
  
      
    ) dbt_internal_test
[0m18:50:00.869532 [debug] [Thread-1 (]: Opening a new connection, currently in state closed
[0m18:50:00.884641 [debug] [Thread-1 (]: SQL status: SELECT 1 in 0.015 seconds
[0m18:50:00.886644 [debug] [Thread-1 (]: On test.dbt_dividend.not_null_stg_dividend_events_dividend_amount.1100a44eff: ROLLBACK
[0m18:50:00.887454 [debug] [Thread-1 (]: On test.dbt_dividend.not_null_stg_dividend_events_dividend_amount.1100a44eff: Close
[0m18:50:00.888670 [info ] [Thread-1 (]: 17 of 28 PASS not_null_stg_dividend_events_dividend_amount ..................... [[32mPASS[0m in 0.03s]
[0m18:50:00.889917 [debug] [Thread-1 (]: Finished running node test.dbt_dividend.not_null_stg_dividend_events_dividend_amount.1100a44eff
[0m18:50:00.890663 [debug] [Thread-1 (]: Began running node test.dbt_dividend.not_null_stg_dividend_events_ex_date.7d81ea323d
[0m18:50:00.891342 [info ] [Thread-1 (]: 18 of 28 START test not_null_stg_dividend_events_ex_date ....................... [RUN]
[0m18:50:00.892164 [debug] [Thread-1 (]: Re-using an available connection from the pool (formerly test.dbt_dividend.not_null_stg_dividend_events_dividend_amount.1100a44eff, now test.dbt_dividend.not_null_stg_dividend_events_ex_date.7d81ea323d)
[0m18:50:00.892710 [debug] [Thread-1 (]: Began compiling node test.dbt_dividend.not_null_stg_dividend_events_ex_date.7d81ea323d
[0m18:50:00.900885 [debug] [Thread-1 (]: Writing injected SQL for node "test.dbt_dividend.not_null_stg_dividend_events_ex_date.7d81ea323d"
[0m18:50:00.901859 [debug] [Thread-1 (]: Began executing node test.dbt_dividend.not_null_stg_dividend_events_ex_date.7d81ea323d
[0m18:50:00.904154 [debug] [Thread-1 (]: Writing runtime sql for node "test.dbt_dividend.not_null_stg_dividend_events_ex_date.7d81ea323d"
[0m18:50:00.905026 [debug] [Thread-1 (]: Using postgres connection "test.dbt_dividend.not_null_stg_dividend_events_ex_date.7d81ea323d"
[0m18:50:00.905619 [debug] [Thread-1 (]: On test.dbt_dividend.not_null_stg_dividend_events_ex_date.7d81ea323d: /* {"app": "dbt", "dbt_version": "1.12.0", "profile_name": "dbt_dividend", "target_name": "dev", "node_id": "test.dbt_dividend.not_null_stg_dividend_events_ex_date.7d81ea323d"} */

    
    select
      count(*) as failures,
      count(*) != 0 as should_warn,
      count(*) != 0 as should_error
    from (
      
    
  
    
    



select ex_date
from "postgres"."public"."stg_dividend_events"
where ex_date is null



  
  
      
    ) dbt_internal_test
[0m18:50:00.906101 [debug] [Thread-1 (]: Opening a new connection, currently in state closed
[0m18:50:00.920726 [debug] [Thread-1 (]: SQL status: SELECT 1 in 0.014 seconds
[0m18:50:00.922745 [debug] [Thread-1 (]: On test.dbt_dividend.not_null_stg_dividend_events_ex_date.7d81ea323d: ROLLBACK
[0m18:50:00.923660 [debug] [Thread-1 (]: On test.dbt_dividend.not_null_stg_dividend_events_ex_date.7d81ea323d: Close
[0m18:50:00.925022 [info ] [Thread-1 (]: 18 of 28 PASS not_null_stg_dividend_events_ex_date ............................. [[32mPASS[0m in 0.03s]
[0m18:50:00.926308 [debug] [Thread-1 (]: Finished running node test.dbt_dividend.not_null_stg_dividend_events_ex_date.7d81ea323d
[0m18:50:00.927049 [debug] [Thread-1 (]: Began running node test.dbt_dividend.not_null_stg_dividend_events_ticker.f05065be23
[0m18:50:00.927717 [info ] [Thread-1 (]: 19 of 28 START test not_null_stg_dividend_events_ticker ........................ [RUN]
[0m18:50:00.928522 [debug] [Thread-1 (]: Re-using an available connection from the pool (formerly test.dbt_dividend.not_null_stg_dividend_events_ex_date.7d81ea323d, now test.dbt_dividend.not_null_stg_dividend_events_ticker.f05065be23)
[0m18:50:00.929137 [debug] [Thread-1 (]: Began compiling node test.dbt_dividend.not_null_stg_dividend_events_ticker.f05065be23
[0m18:50:00.936407 [debug] [Thread-1 (]: Writing injected SQL for node "test.dbt_dividend.not_null_stg_dividend_events_ticker.f05065be23"
[0m18:50:00.937282 [debug] [Thread-1 (]: Began executing node test.dbt_dividend.not_null_stg_dividend_events_ticker.f05065be23
[0m18:50:00.939877 [debug] [Thread-1 (]: Writing runtime sql for node "test.dbt_dividend.not_null_stg_dividend_events_ticker.f05065be23"
[0m18:50:00.940865 [debug] [Thread-1 (]: Using postgres connection "test.dbt_dividend.not_null_stg_dividend_events_ticker.f05065be23"
[0m18:50:00.941426 [debug] [Thread-1 (]: On test.dbt_dividend.not_null_stg_dividend_events_ticker.f05065be23: /* {"app": "dbt", "dbt_version": "1.12.0", "profile_name": "dbt_dividend", "target_name": "dev", "node_id": "test.dbt_dividend.not_null_stg_dividend_events_ticker.f05065be23"} */

    
    select
      count(*) as failures,
      count(*) != 0 as should_warn,
      count(*) != 0 as should_error
    from (
      
    
  
    
    



select ticker
from "postgres"."public"."stg_dividend_events"
where ticker is null



  
  
      
    ) dbt_internal_test
[0m18:50:00.941890 [debug] [Thread-1 (]: Opening a new connection, currently in state closed
[0m18:50:00.956717 [debug] [Thread-1 (]: SQL status: SELECT 1 in 0.015 seconds
[0m18:50:00.958645 [debug] [Thread-1 (]: On test.dbt_dividend.not_null_stg_dividend_events_ticker.f05065be23: ROLLBACK
[0m18:50:00.959478 [debug] [Thread-1 (]: On test.dbt_dividend.not_null_stg_dividend_events_ticker.f05065be23: Close
[0m18:50:00.960618 [info ] [Thread-1 (]: 19 of 28 PASS not_null_stg_dividend_events_ticker .............................. [[32mPASS[0m in 0.03s]
[0m18:50:00.961483 [debug] [Thread-1 (]: Finished running node test.dbt_dividend.not_null_stg_dividend_events_ticker.f05065be23
[0m18:50:00.962075 [debug] [Thread-1 (]: Began running node test.dbt_dividend.source_not_null_dividend_db_dividend_events_dividend_amount.e933679406
[0m18:50:00.962697 [info ] [Thread-1 (]: 20 of 28 START test source_not_null_dividend_db_dividend_events_dividend_amount  [RUN]
[0m18:50:00.963407 [debug] [Thread-1 (]: Re-using an available connection from the pool (formerly test.dbt_dividend.not_null_stg_dividend_events_ticker.f05065be23, now test.dbt_dividend.source_not_null_dividend_db_dividend_events_dividend_amount.e933679406)
[0m18:50:00.963934 [debug] [Thread-1 (]: Began compiling node test.dbt_dividend.source_not_null_dividend_db_dividend_events_dividend_amount.e933679406
[0m18:50:00.972233 [debug] [Thread-1 (]: Writing injected SQL for node "test.dbt_dividend.source_not_null_dividend_db_dividend_events_dividend_amount.e933679406"
[0m18:50:00.973486 [debug] [Thread-1 (]: Began executing node test.dbt_dividend.source_not_null_dividend_db_dividend_events_dividend_amount.e933679406
[0m18:50:00.975866 [debug] [Thread-1 (]: Writing runtime sql for node "test.dbt_dividend.source_not_null_dividend_db_dividend_events_dividend_amount.e933679406"
[0m18:50:00.976908 [debug] [Thread-1 (]: Using postgres connection "test.dbt_dividend.source_not_null_dividend_db_dividend_events_dividend_amount.e933679406"
[0m18:50:00.977603 [debug] [Thread-1 (]: On test.dbt_dividend.source_not_null_dividend_db_dividend_events_dividend_amount.e933679406: /* {"app": "dbt", "dbt_version": "1.12.0", "profile_name": "dbt_dividend", "target_name": "dev", "node_id": "test.dbt_dividend.source_not_null_dividend_db_dividend_events_dividend_amount.e933679406"} */

    
    select
      count(*) as failures,
      count(*) != 0 as should_warn,
      count(*) != 0 as should_error
    from (
      
    
  
    
    



select dividend_amount
from "postgres"."public"."dividend_events"
where dividend_amount is null



  
  
      
    ) dbt_internal_test
[0m18:50:00.978115 [debug] [Thread-1 (]: Opening a new connection, currently in state closed
[0m18:50:00.992782 [debug] [Thread-1 (]: SQL status: SELECT 1 in 0.015 seconds
[0m18:50:00.994799 [debug] [Thread-1 (]: On test.dbt_dividend.source_not_null_dividend_db_dividend_events_dividend_amount.e933679406: ROLLBACK
[0m18:50:00.995672 [debug] [Thread-1 (]: On test.dbt_dividend.source_not_null_dividend_db_dividend_events_dividend_amount.e933679406: Close
[0m18:50:00.996718 [info ] [Thread-1 (]: 20 of 28 PASS source_not_null_dividend_db_dividend_events_dividend_amount ...... [[32mPASS[0m in 0.03s]
[0m18:50:00.997471 [debug] [Thread-1 (]: Finished running node test.dbt_dividend.source_not_null_dividend_db_dividend_events_dividend_amount.e933679406
[0m18:50:00.997994 [debug] [Thread-1 (]: Began running node test.dbt_dividend.source_not_null_dividend_db_dividend_events_ex_date.f5152e95d5
[0m18:50:00.998567 [info ] [Thread-1 (]: 21 of 28 START test source_not_null_dividend_db_dividend_events_ex_date ........ [RUN]
[0m18:50:00.999159 [debug] [Thread-1 (]: Re-using an available connection from the pool (formerly test.dbt_dividend.source_not_null_dividend_db_dividend_events_dividend_amount.e933679406, now test.dbt_dividend.source_not_null_dividend_db_dividend_events_ex_date.f5152e95d5)
[0m18:50:00.999666 [debug] [Thread-1 (]: Began compiling node test.dbt_dividend.source_not_null_dividend_db_dividend_events_ex_date.f5152e95d5
[0m18:50:01.007313 [debug] [Thread-1 (]: Writing injected SQL for node "test.dbt_dividend.source_not_null_dividend_db_dividend_events_ex_date.f5152e95d5"
[0m18:50:01.008216 [debug] [Thread-1 (]: Began executing node test.dbt_dividend.source_not_null_dividend_db_dividend_events_ex_date.f5152e95d5
[0m18:50:01.010545 [debug] [Thread-1 (]: Writing runtime sql for node "test.dbt_dividend.source_not_null_dividend_db_dividend_events_ex_date.f5152e95d5"
[0m18:50:01.011359 [debug] [Thread-1 (]: Using postgres connection "test.dbt_dividend.source_not_null_dividend_db_dividend_events_ex_date.f5152e95d5"
[0m18:50:01.011878 [debug] [Thread-1 (]: On test.dbt_dividend.source_not_null_dividend_db_dividend_events_ex_date.f5152e95d5: /* {"app": "dbt", "dbt_version": "1.12.0", "profile_name": "dbt_dividend", "target_name": "dev", "node_id": "test.dbt_dividend.source_not_null_dividend_db_dividend_events_ex_date.f5152e95d5"} */

    
    select
      count(*) as failures,
      count(*) != 0 as should_warn,
      count(*) != 0 as should_error
    from (
      
    
  
    
    



select ex_date
from "postgres"."public"."dividend_events"
where ex_date is null



  
  
      
    ) dbt_internal_test
[0m18:50:01.012358 [debug] [Thread-1 (]: Opening a new connection, currently in state closed
[0m18:50:01.026797 [debug] [Thread-1 (]: SQL status: SELECT 1 in 0.014 seconds
[0m18:50:01.028790 [debug] [Thread-1 (]: On test.dbt_dividend.source_not_null_dividend_db_dividend_events_ex_date.f5152e95d5: ROLLBACK
[0m18:50:01.029714 [debug] [Thread-1 (]: On test.dbt_dividend.source_not_null_dividend_db_dividend_events_ex_date.f5152e95d5: Close
[0m18:50:01.030802 [info ] [Thread-1 (]: 21 of 28 PASS source_not_null_dividend_db_dividend_events_ex_date .............. [[32mPASS[0m in 0.03s]
[0m18:50:01.031552 [debug] [Thread-1 (]: Finished running node test.dbt_dividend.source_not_null_dividend_db_dividend_events_ex_date.f5152e95d5
[0m18:50:01.032071 [debug] [Thread-1 (]: Began running node test.dbt_dividend.source_not_null_dividend_db_dividend_events_id.17003069b4
[0m18:50:01.032649 [info ] [Thread-1 (]: 22 of 28 START test source_not_null_dividend_db_dividend_events_id ............. [RUN]
[0m18:50:01.033263 [debug] [Thread-1 (]: Re-using an available connection from the pool (formerly test.dbt_dividend.source_not_null_dividend_db_dividend_events_ex_date.f5152e95d5, now test.dbt_dividend.source_not_null_dividend_db_dividend_events_id.17003069b4)
[0m18:50:01.033755 [debug] [Thread-1 (]: Began compiling node test.dbt_dividend.source_not_null_dividend_db_dividend_events_id.17003069b4
[0m18:50:01.041679 [debug] [Thread-1 (]: Writing injected SQL for node "test.dbt_dividend.source_not_null_dividend_db_dividend_events_id.17003069b4"
[0m18:50:01.042560 [debug] [Thread-1 (]: Began executing node test.dbt_dividend.source_not_null_dividend_db_dividend_events_id.17003069b4
[0m18:50:01.044857 [debug] [Thread-1 (]: Writing runtime sql for node "test.dbt_dividend.source_not_null_dividend_db_dividend_events_id.17003069b4"
[0m18:50:01.045676 [debug] [Thread-1 (]: Using postgres connection "test.dbt_dividend.source_not_null_dividend_db_dividend_events_id.17003069b4"
[0m18:50:01.046208 [debug] [Thread-1 (]: On test.dbt_dividend.source_not_null_dividend_db_dividend_events_id.17003069b4: /* {"app": "dbt", "dbt_version": "1.12.0", "profile_name": "dbt_dividend", "target_name": "dev", "node_id": "test.dbt_dividend.source_not_null_dividend_db_dividend_events_id.17003069b4"} */

    
    select
      count(*) as failures,
      count(*) != 0 as should_warn,
      count(*) != 0 as should_error
    from (
      
    
  
    
    



select id
from "postgres"."public"."dividend_events"
where id is null



  
  
      
    ) dbt_internal_test
[0m18:50:01.046707 [debug] [Thread-1 (]: Opening a new connection, currently in state closed
[0m18:50:01.064500 [debug] [Thread-1 (]: SQL status: SELECT 1 in 0.018 seconds
[0m18:50:01.066443 [debug] [Thread-1 (]: On test.dbt_dividend.source_not_null_dividend_db_dividend_events_id.17003069b4: ROLLBACK
[0m18:50:01.067280 [debug] [Thread-1 (]: On test.dbt_dividend.source_not_null_dividend_db_dividend_events_id.17003069b4: Close
[0m18:50:01.068326 [info ] [Thread-1 (]: 22 of 28 PASS source_not_null_dividend_db_dividend_events_id ................... [[32mPASS[0m in 0.04s]
[0m18:50:01.069076 [debug] [Thread-1 (]: Finished running node test.dbt_dividend.source_not_null_dividend_db_dividend_events_id.17003069b4
[0m18:50:01.069612 [debug] [Thread-1 (]: Began running node test.dbt_dividend.source_not_null_dividend_db_dividend_events_ticker.afbafd7861
[0m18:50:01.070103 [info ] [Thread-1 (]: 23 of 28 START test source_not_null_dividend_db_dividend_events_ticker ......... [RUN]
[0m18:50:01.070718 [debug] [Thread-1 (]: Re-using an available connection from the pool (formerly test.dbt_dividend.source_not_null_dividend_db_dividend_events_id.17003069b4, now test.dbt_dividend.source_not_null_dividend_db_dividend_events_ticker.afbafd7861)
[0m18:50:01.071209 [debug] [Thread-1 (]: Began compiling node test.dbt_dividend.source_not_null_dividend_db_dividend_events_ticker.afbafd7861
[0m18:50:01.078618 [debug] [Thread-1 (]: Writing injected SQL for node "test.dbt_dividend.source_not_null_dividend_db_dividend_events_ticker.afbafd7861"
[0m18:50:01.079456 [debug] [Thread-1 (]: Began executing node test.dbt_dividend.source_not_null_dividend_db_dividend_events_ticker.afbafd7861
[0m18:50:01.081655 [debug] [Thread-1 (]: Writing runtime sql for node "test.dbt_dividend.source_not_null_dividend_db_dividend_events_ticker.afbafd7861"
[0m18:50:01.082456 [debug] [Thread-1 (]: Using postgres connection "test.dbt_dividend.source_not_null_dividend_db_dividend_events_ticker.afbafd7861"
[0m18:50:01.082978 [debug] [Thread-1 (]: On test.dbt_dividend.source_not_null_dividend_db_dividend_events_ticker.afbafd7861: /* {"app": "dbt", "dbt_version": "1.12.0", "profile_name": "dbt_dividend", "target_name": "dev", "node_id": "test.dbt_dividend.source_not_null_dividend_db_dividend_events_ticker.afbafd7861"} */

    
    select
      count(*) as failures,
      count(*) != 0 as should_warn,
      count(*) != 0 as should_error
    from (
      
    
  
    
    



select ticker
from "postgres"."public"."dividend_events"
where ticker is null



  
  
      
    ) dbt_internal_test
[0m18:50:01.083446 [debug] [Thread-1 (]: Opening a new connection, currently in state closed
[0m18:50:01.098014 [debug] [Thread-1 (]: SQL status: SELECT 1 in 0.014 seconds
[0m18:50:01.100261 [debug] [Thread-1 (]: On test.dbt_dividend.source_not_null_dividend_db_dividend_events_ticker.afbafd7861: ROLLBACK
[0m18:50:01.101452 [debug] [Thread-1 (]: On test.dbt_dividend.source_not_null_dividend_db_dividend_events_ticker.afbafd7861: Close
[0m18:50:01.102510 [info ] [Thread-1 (]: 23 of 28 PASS source_not_null_dividend_db_dividend_events_ticker ............... [[32mPASS[0m in 0.03s]
[0m18:50:01.103271 [debug] [Thread-1 (]: Finished running node test.dbt_dividend.source_not_null_dividend_db_dividend_events_ticker.afbafd7861
[0m18:50:01.103804 [debug] [Thread-1 (]: Began running node test.dbt_dividend.source_not_null_dividend_db_nasdaq_dividend_tickers_ticker.21c3061bc8
[0m18:50:01.104501 [info ] [Thread-1 (]: 24 of 28 START test source_not_null_dividend_db_nasdaq_dividend_tickers_ticker . [RUN]
[0m18:50:01.105557 [debug] [Thread-1 (]: Re-using an available connection from the pool (formerly test.dbt_dividend.source_not_null_dividend_db_dividend_events_ticker.afbafd7861, now test.dbt_dividend.source_not_null_dividend_db_nasdaq_dividend_tickers_ticker.21c3061bc8)
[0m18:50:01.106387 [debug] [Thread-1 (]: Began compiling node test.dbt_dividend.source_not_null_dividend_db_nasdaq_dividend_tickers_ticker.21c3061bc8
[0m18:50:01.116507 [debug] [Thread-1 (]: Writing injected SQL for node "test.dbt_dividend.source_not_null_dividend_db_nasdaq_dividend_tickers_ticker.21c3061bc8"
[0m18:50:01.117499 [debug] [Thread-1 (]: Began executing node test.dbt_dividend.source_not_null_dividend_db_nasdaq_dividend_tickers_ticker.21c3061bc8
[0m18:50:01.119791 [debug] [Thread-1 (]: Writing runtime sql for node "test.dbt_dividend.source_not_null_dividend_db_nasdaq_dividend_tickers_ticker.21c3061bc8"
[0m18:50:01.120573 [debug] [Thread-1 (]: Using postgres connection "test.dbt_dividend.source_not_null_dividend_db_nasdaq_dividend_tickers_ticker.21c3061bc8"
[0m18:50:01.121117 [debug] [Thread-1 (]: On test.dbt_dividend.source_not_null_dividend_db_nasdaq_dividend_tickers_ticker.21c3061bc8: /* {"app": "dbt", "dbt_version": "1.12.0", "profile_name": "dbt_dividend", "target_name": "dev", "node_id": "test.dbt_dividend.source_not_null_dividend_db_nasdaq_dividend_tickers_ticker.21c3061bc8"} */

    
    select
      count(*) as failures,
      count(*) != 0 as should_warn,
      count(*) != 0 as should_error
    from (
      
    
  
    
    



select ticker
from "postgres"."public"."nasdaq_dividend_tickers"
where ticker is null



  
  
      
    ) dbt_internal_test
[0m18:50:01.121644 [debug] [Thread-1 (]: Opening a new connection, currently in state closed
[0m18:50:01.135948 [debug] [Thread-1 (]: SQL status: SELECT 1 in 0.014 seconds
[0m18:50:01.137954 [debug] [Thread-1 (]: On test.dbt_dividend.source_not_null_dividend_db_nasdaq_dividend_tickers_ticker.21c3061bc8: ROLLBACK
[0m18:50:01.138994 [debug] [Thread-1 (]: On test.dbt_dividend.source_not_null_dividend_db_nasdaq_dividend_tickers_ticker.21c3061bc8: Close
[0m18:50:01.140044 [info ] [Thread-1 (]: 24 of 28 PASS source_not_null_dividend_db_nasdaq_dividend_tickers_ticker ....... [[32mPASS[0m in 0.03s]
[0m18:50:01.140798 [debug] [Thread-1 (]: Finished running node test.dbt_dividend.source_not_null_dividend_db_nasdaq_dividend_tickers_ticker.21c3061bc8
[0m18:50:01.141339 [debug] [Thread-1 (]: Began running node test.dbt_dividend.source_unique_dividend_db_dividend_events_id.b2da256e69
[0m18:50:01.141799 [info ] [Thread-1 (]: 25 of 28 START test source_unique_dividend_db_dividend_events_id ............... [RUN]
[0m18:50:01.142373 [debug] [Thread-1 (]: Re-using an available connection from the pool (formerly test.dbt_dividend.source_not_null_dividend_db_nasdaq_dividend_tickers_ticker.21c3061bc8, now test.dbt_dividend.source_unique_dividend_db_dividend_events_id.b2da256e69)
[0m18:50:01.142905 [debug] [Thread-1 (]: Began compiling node test.dbt_dividend.source_unique_dividend_db_dividend_events_id.b2da256e69
[0m18:50:01.153081 [debug] [Thread-1 (]: Writing injected SQL for node "test.dbt_dividend.source_unique_dividend_db_dividend_events_id.b2da256e69"
[0m18:50:01.154028 [debug] [Thread-1 (]: Began executing node test.dbt_dividend.source_unique_dividend_db_dividend_events_id.b2da256e69
[0m18:50:01.156317 [debug] [Thread-1 (]: Writing runtime sql for node "test.dbt_dividend.source_unique_dividend_db_dividend_events_id.b2da256e69"
[0m18:50:01.157102 [debug] [Thread-1 (]: Using postgres connection "test.dbt_dividend.source_unique_dividend_db_dividend_events_id.b2da256e69"
[0m18:50:01.157667 [debug] [Thread-1 (]: On test.dbt_dividend.source_unique_dividend_db_dividend_events_id.b2da256e69: /* {"app": "dbt", "dbt_version": "1.12.0", "profile_name": "dbt_dividend", "target_name": "dev", "node_id": "test.dbt_dividend.source_unique_dividend_db_dividend_events_id.b2da256e69"} */

    
    select
      count(*) as failures,
      count(*) != 0 as should_warn,
      count(*) != 0 as should_error
    from (
      
    
  
    
    

select
    id as unique_field,
    count(*) as n_records

from "postgres"."public"."dividend_events"
where id is not null
group by id
having count(*) > 1



  
  
      
    ) dbt_internal_test
[0m18:50:01.158135 [debug] [Thread-1 (]: Opening a new connection, currently in state closed
[0m18:50:01.179980 [debug] [Thread-1 (]: SQL status: SELECT 1 in 0.022 seconds
[0m18:50:01.182262 [debug] [Thread-1 (]: On test.dbt_dividend.source_unique_dividend_db_dividend_events_id.b2da256e69: ROLLBACK
[0m18:50:01.183145 [debug] [Thread-1 (]: On test.dbt_dividend.source_unique_dividend_db_dividend_events_id.b2da256e69: Close
[0m18:50:01.184163 [info ] [Thread-1 (]: 25 of 28 PASS source_unique_dividend_db_dividend_events_id ..................... [[32mPASS[0m in 0.04s]
[0m18:50:01.184901 [debug] [Thread-1 (]: Finished running node test.dbt_dividend.source_unique_dividend_db_dividend_events_id.b2da256e69
[0m18:50:01.185418 [debug] [Thread-1 (]: Began running node test.dbt_dividend.source_unique_dividend_db_nasdaq_dividend_tickers_ticker.0fcb3bc503
[0m18:50:01.185948 [info ] [Thread-1 (]: 26 of 28 START test source_unique_dividend_db_nasdaq_dividend_tickers_ticker ... [RUN]
[0m18:50:01.186605 [debug] [Thread-1 (]: Re-using an available connection from the pool (formerly test.dbt_dividend.source_unique_dividend_db_dividend_events_id.b2da256e69, now test.dbt_dividend.source_unique_dividend_db_nasdaq_dividend_tickers_ticker.0fcb3bc503)
[0m18:50:01.187089 [debug] [Thread-1 (]: Began compiling node test.dbt_dividend.source_unique_dividend_db_nasdaq_dividend_tickers_ticker.0fcb3bc503
[0m18:50:01.195149 [debug] [Thread-1 (]: Writing injected SQL for node "test.dbt_dividend.source_unique_dividend_db_nasdaq_dividend_tickers_ticker.0fcb3bc503"
[0m18:50:01.196084 [debug] [Thread-1 (]: Began executing node test.dbt_dividend.source_unique_dividend_db_nasdaq_dividend_tickers_ticker.0fcb3bc503
[0m18:50:01.198556 [debug] [Thread-1 (]: Writing runtime sql for node "test.dbt_dividend.source_unique_dividend_db_nasdaq_dividend_tickers_ticker.0fcb3bc503"
[0m18:50:01.199497 [debug] [Thread-1 (]: Using postgres connection "test.dbt_dividend.source_unique_dividend_db_nasdaq_dividend_tickers_ticker.0fcb3bc503"
[0m18:50:01.200045 [debug] [Thread-1 (]: On test.dbt_dividend.source_unique_dividend_db_nasdaq_dividend_tickers_ticker.0fcb3bc503: /* {"app": "dbt", "dbt_version": "1.12.0", "profile_name": "dbt_dividend", "target_name": "dev", "node_id": "test.dbt_dividend.source_unique_dividend_db_nasdaq_dividend_tickers_ticker.0fcb3bc503"} */

    
    select
      count(*) as failures,
      count(*) != 0 as should_warn,
      count(*) != 0 as should_error
    from (
      
    
  
    
    

select
    ticker as unique_field,
    count(*) as n_records

from "postgres"."public"."nasdaq_dividend_tickers"
where ticker is not null
group by ticker
having count(*) > 1



  
  
      
    ) dbt_internal_test
[0m18:50:01.200521 [debug] [Thread-1 (]: Opening a new connection, currently in state closed
[0m18:50:01.215039 [debug] [Thread-1 (]: SQL status: SELECT 1 in 0.014 seconds
[0m18:50:01.217027 [debug] [Thread-1 (]: On test.dbt_dividend.source_unique_dividend_db_nasdaq_dividend_tickers_ticker.0fcb3bc503: ROLLBACK
[0m18:50:01.218113 [debug] [Thread-1 (]: On test.dbt_dividend.source_unique_dividend_db_nasdaq_dividend_tickers_ticker.0fcb3bc503: Close
[0m18:50:01.219158 [info ] [Thread-1 (]: 26 of 28 PASS source_unique_dividend_db_nasdaq_dividend_tickers_ticker ......... [[32mPASS[0m in 0.03s]
[0m18:50:01.219917 [debug] [Thread-1 (]: Finished running node test.dbt_dividend.source_unique_dividend_db_nasdaq_dividend_tickers_ticker.0fcb3bc503
[0m18:50:01.220459 [debug] [Thread-1 (]: Began running node test.dbt_dividend.unique_best_dividend_tickers_ticker.4fe3e527fb
[0m18:50:01.220928 [info ] [Thread-1 (]: 27 of 28 START test unique_best_dividend_tickers_ticker ........................ [RUN]
[0m18:50:01.221505 [debug] [Thread-1 (]: Re-using an available connection from the pool (formerly test.dbt_dividend.source_unique_dividend_db_nasdaq_dividend_tickers_ticker.0fcb3bc503, now test.dbt_dividend.unique_best_dividend_tickers_ticker.4fe3e527fb)
[0m18:50:01.221947 [debug] [Thread-1 (]: Began compiling node test.dbt_dividend.unique_best_dividend_tickers_ticker.4fe3e527fb
[0m18:50:01.229229 [debug] [Thread-1 (]: Writing injected SQL for node "test.dbt_dividend.unique_best_dividend_tickers_ticker.4fe3e527fb"
[0m18:50:01.230069 [debug] [Thread-1 (]: Began executing node test.dbt_dividend.unique_best_dividend_tickers_ticker.4fe3e527fb
[0m18:50:01.232409 [debug] [Thread-1 (]: Writing runtime sql for node "test.dbt_dividend.unique_best_dividend_tickers_ticker.4fe3e527fb"
[0m18:50:01.233290 [debug] [Thread-1 (]: Using postgres connection "test.dbt_dividend.unique_best_dividend_tickers_ticker.4fe3e527fb"
[0m18:50:01.233842 [debug] [Thread-1 (]: On test.dbt_dividend.unique_best_dividend_tickers_ticker.4fe3e527fb: /* {"app": "dbt", "dbt_version": "1.12.0", "profile_name": "dbt_dividend", "target_name": "dev", "node_id": "test.dbt_dividend.unique_best_dividend_tickers_ticker.4fe3e527fb"} */

    
    select
      count(*) as failures,
      count(*) != 0 as should_warn,
      count(*) != 0 as should_error
    from (
      
    
  
    
    

select
    ticker as unique_field,
    count(*) as n_records

from "postgres"."public"."best_dividend_tickers"
where ticker is not null
group by ticker
having count(*) > 1



  
  
      
    ) dbt_internal_test
[0m18:50:01.234313 [debug] [Thread-1 (]: Opening a new connection, currently in state closed
[0m18:50:01.249094 [debug] [Thread-1 (]: SQL status: SELECT 1 in 0.015 seconds
[0m18:50:01.251055 [debug] [Thread-1 (]: On test.dbt_dividend.unique_best_dividend_tickers_ticker.4fe3e527fb: ROLLBACK
[0m18:50:01.252001 [debug] [Thread-1 (]: On test.dbt_dividend.unique_best_dividend_tickers_ticker.4fe3e527fb: Close
[0m18:50:01.253056 [info ] [Thread-1 (]: 27 of 28 PASS unique_best_dividend_tickers_ticker .............................. [[32mPASS[0m in 0.03s]
[0m18:50:01.253819 [debug] [Thread-1 (]: Finished running node test.dbt_dividend.unique_best_dividend_tickers_ticker.4fe3e527fb
[0m18:50:01.254352 [debug] [Thread-1 (]: Began running node test.dbt_dividend.unique_fct_dividend_performance_ticker.6bec177368
[0m18:50:01.254814 [info ] [Thread-1 (]: 28 of 28 START test unique_fct_dividend_performance_ticker ..................... [RUN]
[0m18:50:01.255606 [debug] [Thread-1 (]: Re-using an available connection from the pool (formerly test.dbt_dividend.unique_best_dividend_tickers_ticker.4fe3e527fb, now test.dbt_dividend.unique_fct_dividend_performance_ticker.6bec177368)
[0m18:50:01.256178 [debug] [Thread-1 (]: Began compiling node test.dbt_dividend.unique_fct_dividend_performance_ticker.6bec177368
[0m18:50:01.264165 [debug] [Thread-1 (]: Writing injected SQL for node "test.dbt_dividend.unique_fct_dividend_performance_ticker.6bec177368"
[0m18:50:01.265115 [debug] [Thread-1 (]: Began executing node test.dbt_dividend.unique_fct_dividend_performance_ticker.6bec177368
[0m18:50:01.268264 [debug] [Thread-1 (]: Writing runtime sql for node "test.dbt_dividend.unique_fct_dividend_performance_ticker.6bec177368"
[0m18:50:01.269100 [debug] [Thread-1 (]: Using postgres connection "test.dbt_dividend.unique_fct_dividend_performance_ticker.6bec177368"
[0m18:50:01.269662 [debug] [Thread-1 (]: On test.dbt_dividend.unique_fct_dividend_performance_ticker.6bec177368: /* {"app": "dbt", "dbt_version": "1.12.0", "profile_name": "dbt_dividend", "target_name": "dev", "node_id": "test.dbt_dividend.unique_fct_dividend_performance_ticker.6bec177368"} */

    
    select
      count(*) as failures,
      count(*) != 0 as should_warn,
      count(*) != 0 as should_error
    from (
      
    
  
    
    

select
    ticker as unique_field,
    count(*) as n_records

from "postgres"."public"."fct_dividend_performance"
where ticker is not null
group by ticker
having count(*) > 1



  
  
      
    ) dbt_internal_test
[0m18:50:01.270151 [debug] [Thread-1 (]: Opening a new connection, currently in state closed
[0m18:50:01.285180 [debug] [Thread-1 (]: SQL status: SELECT 1 in 0.015 seconds
[0m18:50:01.287172 [debug] [Thread-1 (]: On test.dbt_dividend.unique_fct_dividend_performance_ticker.6bec177368: ROLLBACK
[0m18:50:01.288145 [debug] [Thread-1 (]: On test.dbt_dividend.unique_fct_dividend_performance_ticker.6bec177368: Close
[0m18:50:01.289172 [info ] [Thread-1 (]: 28 of 28 PASS unique_fct_dividend_performance_ticker ........................... [[32mPASS[0m in 0.03s]
[0m18:50:01.289907 [debug] [Thread-1 (]: Finished running node test.dbt_dividend.unique_fct_dividend_performance_ticker.6bec177368
[0m18:50:01.292214 [debug] [MainThread]: On master: COMMIT
[0m18:50:01.292904 [debug] [MainThread]: Using postgres connection "master"
[0m18:50:01.293354 [debug] [MainThread]: On master: COMMIT
[0m18:50:01.293732 [debug] [MainThread]: Opening a new connection, currently in state closed
[0m18:50:01.308625 [debug] [MainThread]: SQL status: COMMIT in 0.015 seconds
[0m18:50:01.309657 [debug] [MainThread]: On master: Close
[0m18:50:01.310920 [debug] [MainThread]: Connection 'master' was properly closed.
[0m18:50:01.311859 [debug] [MainThread]: Connection 'test.dbt_dividend.unique_fct_dividend_performance_ticker.6bec177368' was properly closed.
[0m18:50:01.312725 [info ] [MainThread]: 
[0m18:50:01.313325 [info ] [MainThread]: Finished running 28 data tests in 0 hours 0 minutes and 1.22 seconds (1.22s).
[0m18:50:01.317738 [debug] [MainThread]: Command end result
[0m18:50:01.372160 [debug] [MainThread]: Wrote artifact WritableManifest to dbt_dividend/target/manifest.json
[0m18:50:01.375256 [debug] [MainThread]: Wrote artifact SemanticManifest to dbt_dividend/target/semantic_manifest.json
[0m18:50:01.378177 [debug] [MainThread]: Wrote artifact OsiDocument to dbt_dividend/target/osi_document.json
[0m18:50:01.389057 [debug] [MainThread]: Wrote artifact RunExecutionResult to dbt_dividend/target/run_results.json
[0m18:50:01.389688 [info ] [MainThread]: 
[0m18:50:01.390224 [info ] [MainThread]: [32mCompleted successfully[0m
[0m18:50:01.390685 [info ] [MainThread]: 
[0m18:50:01.391141 [info ] [MainThread]: Done. PASS=28 WARN=0 ERROR=0 SKIP=0 NO-OP=0 REUSED=0 TOTAL=28
[0m18:50:01.392558 [debug] [MainThread]: Resource report: {"command_name": "test", "command_success": true, "command_wall_clock_time": 2.4336722, "process_in_blocks": "1088", "process_kernel_time": 0.315345, "process_mem_max_rss": "144800", "process_out_blocks": "4688", "process_user_time": 3.817072}
[0m18:50:01.393360 [debug] [MainThread]: Command `dbt test` succeeded at 18:50:01.393196 after 2.43 seconds
[0m18:50:01.393889 [debug] [MainThread]: Sending event: {'category': 'dbt', 'action': 'invocation', 'label': 'end', 'context': [<snowplow_tracker.self_describing_json.SelfDescribingJson object at 0x7ba1f1b4eed0>, <snowplow_tracker.self_describing_json.SelfDescribingJson object at 0x7ba1eef2f960>, <snowplow_tracker.self_describing_json.SelfDescribingJson object at 0x7ba1eef2f330>]}
[0m18:50:01.394427 [debug] [MainThread]: Flushing usage events
[0m18:50:22.425796 [debug] [MainThread]: An error was encountered while trying to flush usage events
